Which money market instrument is issued by the Debt Management Office (DMO) on behalf of the government for short-term borrowing needs? : Treasury Bills are short-term debt instruments issued by the Debt Management Office (DMO) on behalf of the government. They are used for the government's short-term borrowing needs, are non-interest bearing, and typically issued at a discount to par value with maturities of 1, 3, or 6 months.,
What is a key characteristic of money market securities? : Money market securities have three basic characteristics: they are usually sold in large denominations, they have low default risk, and they mature in one year or less from their original issue date. This short-term maturity is what defines money market instruments and makes them highly liquid investments.,
Which of the following formulas is used to calculate the return of securities quoted on a discount basis? : The formula R = (P - MP)/MP × (365/nrm) is used to calculate the return of securities quoted on a discount basis, such as Treasury Bills and Commercial Papers. In this formula, MP is the current market price, P is par value, and nrm is the number of days remaining until maturity. This formula annualizes the return by taking the difference between par value and market price.,
What is a primary reason investors use money markets? : Investors typically use money markets as an interim investment that provides a higher return than holding cash or money in banks, not to earn particularly high returns. Money markets serve as efficient cash management tools that enable firms and financial institutions to securely park surplus funds in a highly liquid market until needed.,
Which of the following is a key risk associated with Money Market Funds (MMFs)? : Liquidity risk is a key risk for Money Market Funds, referring to the risk that a MMF cannot meet investor redemptions due to insufficient liquid assets. This is particularly important because MMFs are often used specifically for their liquidity attributes, and any inability to meet redemption requests would undermine their core purpose.,
Which is a key participant in money markets? : Government treasuries are key participants in money markets, particularly through the issuance of Treasury Bills. Other key participants include banks and building societies, large companies, Money Market Funds, institutional investors, and the central bank (Bank of England). Government treasury departments play a crucial role by issuing short-term debt instruments.,
What type of fund is most commonly used to access money market instruments by retail investors? : Money Market Funds (MMFs) are the most common way for retail investors to access money market instruments. The money market is primarily a wholesale/institutional market, and is not directly accessible to private investors who must use money market accounts or MMFs. These funds pool investments to give smaller investors access to these otherwise inaccessible instruments.,
What was the historical reason for the rise of money markets in the 1970s-1980s? : Money markets rose to prominence in the 1970s-1980s when inflation pushed interest rates above legal bank limits, causing investors to shift to money market securities. Banking regulations from the 1930s had limited bank interest rates to reduce competition and the risk of failure, which became problematic during the high inflation period, leading investors to seek alternatives.,
What type of Net Asset Value (NAV) structure allows the price of a Money Market Fund to stay the same every day? : A Constant Net Asset Value (NAV) structure allows the price of a Money Market Fund to stay the same every day. This happens because interest is added daily, and investors can choose to take this income as cash or reinvest it. This differs from Fluctuating NAV structures where the price can go up or down based on market conditions.,
For what purpose were Certificates of Deposit (CDs) introduced in the late 1960s? : Certificates of Deposit (CDs) were introduced in the late 1960s to allow interbank deposits to be traded on the secondary market before maturity. Before this, interbank deposits could not be traded during their lifetime, and banks had to hold deposits for the full term. CDs increased liquidity in the interbank market and provided more flexibility for banks.,
What is a key advantage of cash deposits compared to other investment options? : Liquidity is a key advantage of cash deposits compared to other investment options. This refers to the ability to readily access and withdraw funds without significant delay or penalty. Other advantages include savings and interest potential, and safety and stability, but liquidity makes cash deposits particularly valuable for emergency funds or short-term needs.,
What is one of the three basic characteristics that money market securities have in common? : Maturing in one year or less from issue date is one of the three basic characteristics that money market securities have in common. The other two characteristics are that they are usually sold in large denominations and they have low default risk. This short-term maturity is a defining feature that contributes to their liquidity.,
How are transactions in the money markets typically completed? : Transactions in the money markets are typically completed electronically via dealers and brokers. As stated in the lecture notes, dealers and brokers arrange purchases and sales between participants over the phone and complete transactions electronically. This reflects the wholesale, institutional nature of these markets.,
What is the process of calculating current market value of a money market security quoted on a discount basis? : The formula MP = P/(1 + r(nrm/365)) is used to calculate the current market value of a money market security quoted on a discount basis. In this formula, MP is the current market price, P is par value, r is the rate of return, and nrm is the number of days remaining until maturity. This formula discounts the par value to present value.,
What type of money market fund always has a fluctuating Net Asset Value (NAV)? : Standard money market funds always have a fluctuating Net Asset Value (NAV). Unlike Short-Term Money Market Funds which can have either constant or fluctuating NAV, standard Money Market Funds are slightly longer-term and always have a fluctuating NAV, meaning their price changes daily depending on market conditions.,
What is the primary risk investors face when investing in cash deposits with banks? : Credit risk is the primary risk investors face when investing in cash deposits with banks. This refers to the risk that the bank or financial institution holding the deposit might fail, potentially putting the depositor's money at risk. While deposit insurance schemes provide some protection, they typically have coverage limits.,
In currency trading what does a direct quote in one country become in another country? : In currency trading, a direct quote in one country becomes an indirect quote in another country. This is because currency quotes are always in pairs. What's considered a direct quote from one country's perspective (showing how much domestic currency is needed to buy one unit of foreign currency) would be an indirect quote from the other country's perspective.,
According to Interest Rate Parity (IRP) how is the forward exchange rate calculated? : According to Interest Rate Parity, the forward exchange rate is calculated using the formula: Forward rate = Spot rate × (1 + quote currency short-term rate)/(1 + base currency short-term rate). This relationship is purely mathematical and reflects how interest rate differentials between countries affect forward exchange rates to prevent arbitrage opportunities.,
What type of foreign exchange risk occurs when exchange rate movements are long-term and usually caused by changes in country or political risk? : Economic risk is the type of foreign exchange risk that occurs when exchange rate movements are long-term and usually caused by changes in country or political risk. This differs from transaction risk (relating to exchange rates changing between transaction agreement and payment) and translation risk (affecting reported value of foreign assets).,
When a country's currency appreciates, what happens to the country's exports? : When a country's currency appreciates, its exports become more expensive for other countries to buy. This happens because foreign buyers need more of their currency to purchase the same amount of the appreciated currency, making the exports from that country more expensive in international markets, typically leading to decreased export competitiveness.,
Which theory suggests that exchange rates between two currencies will adjust to reflect changes in the price levels of the two countries? : The Theory of Purchasing Power Parity suggests that exchange rates between two currencies will adjust to reflect changes in the price levels of the two countries. This is essentially an application of the Law of One Price to national price levels, predicting that currencies will adjust to maintain relative purchasing power between countries.,
In a currency pair quote USD/EUR which currency is the base currency? : In a currency pair quote USD/EUR, the US Dollar is the base currency. In any currency pair, the first currency listed is the base currency, and the second currency is the quote (counter) currency. The base currency is always equal to one unit, and the exchange rate shows how much of the quote currency is needed to buy one unit of base currency.,
What is the typical settlement period for a spot foreign exchange transaction? : 
The typical settlement period for a spot foreign exchange transaction is two business days (T+2). This means that when executing a spot FX transaction, the actual exchange of currencies occurs two business days after the trade date, giving financial institutions time to arrange the necessary funds and complete required processing.,
How do FX traders typically make money on currency transactions? : 
FX traders typically make money on currency transactions by buying at the bid rate and selling at the offer/ask rate. The difference between these rates is the spread, which represents the profit margin for FX traders. This is how they generate revenue from facilitating currency exchanges, even when the broader exchange rates remain stable.,
What is an FX swap in the foreign exchange market? : An FX swap is a two-legged transaction involving the simultaneous buying and selling of the same amount of one currency for another, but with different settlement dates. This differs from a currency swap, which is a longer-term agreement where parties exchange principal and interest payments in different currencies over an agreed period.,
According to the Law of One Price in foreign exchange what should happen to identical goods in different countries? : 
According to the Law of One Price, identical goods in different countries should have the same price when measured in the same currency, assuming transportation costs and trade barriers are very low. This fundamental principle suggests that exchange rates should adjust until identical goods cost the same amount when their prices are converted to a common currency.,
Which exchange rate regime involves a country's currency being tied to another currency or basket of currencies? : 
A Fixed (Pegged) exchange rate regime involves a country's currency being tied to another currency or basket of currencies. In this system, the central bank intervenes to maintain the fixed rate by buying/selling its currency or adjusting monetary policy, unlike floating regimes where currencies fluctuate based on market forces.,
What type of FX risk affects the reported value of assets located in a different country or denominated in a different currency? : 
Translation risk is the type of FX risk that affects the reported value of assets located in a different country or denominated in a different currency. This risk is proportional to the amount of assets held in foreign currencies and primarily impacts financial reporting and balance sheet values rather than actual cash flows.,
How is foreign exchange typically traded? : 
Foreign exchange is typically traded on an over-the-counter market involving buying/selling bank deposits denominated in different currencies. This decentralized, dealer-based market structure differs from exchange-based trading seen in many other financial markets. The institutional FX market operates primarily through an interbank network.,
What type of derivative contract gives the holder the right but not the obligation to buy or sell an asset at a specified price? : 
An option contract gives the holder the right, but not the obligation, to buy or sell an asset at a specified price. This distinguishes options from futures and forwards, which create obligations. The buyer has the right to exercise the option if they choose, while the seller (writer) is obliged to fulfill the contract if the buyer exercises.,
Which of the following derivative contracts is standardized and traded on an organized exchange? : 
Futures contracts are standardized and traded on an organized exchange. Futures have two distinct features: they are exchange-traded on derivative exchanges, and they have standardized terms where the exchange specifies the quality of the underlying asset, quantity, future date, and delivery location—only the price is open to negotiation.,
In futures trading when a trader who has sold a future holds the underlying asset needed for delivery they are said to be : 
In futures trading, when a trader who has sold a future holds the underlying asset needed for delivery, they are said to be 'covered.' This means the seller has the asset that would be needed if physical delivery takes place. In contrast, if the seller does not have the underlying asset, they would be considered 'naked.',
When a party in an interest rate swap pays fixed and receives floating they are considered to be : 
When a party in an interest rate swap pays fixed and receives floating, they are considered to be 'long' in the swap. Conversely, the party that pays floating and receives fixed is considered to be 'short' in the swap. This terminology reflects the position's exposure to interest rate movements.,
What happens during the daily mark-to-market process for futures contracts? : 
During the daily mark-to-market process for futures contracts, the exchange recalculates profits and losses daily based on price movements. Any losses must be covered daily through margin calls, any gains can be withdrawn daily, and the agreed margin must be maintained to continue holding the position. This process helps manage counterparty risk.,
Which type of option gives the holder the right to sell the underlying asset at the exercise price? : 
A put option gives the holder the right to sell the underlying asset at the exercise price. There are two classes of options: call options (right to buy) and put options (right to sell). With a put option, the holder has the right, but not the obligation, to exercise the option to sell, while the writer is obliged to buy if exercised.,
What is the main difference between OTC derivatives and exchange-traded derivatives? : 
OTC derivatives are less regulated and have more counterparty risk compared to exchange-traded derivatives. OTC derivatives are negotiated privately between parties without using an exchange and are typically customized contracts. Exchange-traded derivatives have standardized features, are heavily regulated, and have reduced counterparty risk.,
What is the term for simultaneously holding both a call and a put option on the same underlying asset? : 
A 'straddle' is the term for simultaneously holding both a call and a put option on the same underlying asset. This strategy is used by investors who wish to hedge their position against both upward and downward price movements. A straddle position can be profitable if there is significant price movement in either direction.,
In a Credit Default Swap (CDS) what happens if a credit event occurs? : 
In a Credit Default Swap (CDS), if a credit event occurs, the seller makes a predetermined payment to the buyer and the CDS terminates. Credit events typically include material default, bankruptcy, significant fall in an asset's value, or debt restructuring for the specified reference asset.,
Which of the following is NOT a key category of derivatives mentioned in your notes? : 
Commodities is not a key category of derivatives mentioned in the lecture notes. The notes specifically list four key categories: Forwards, Futures, Options, and Swaps. While commodities can be underlying assets for derivatives, they are not a type of derivative instrument themselves but rather potential underlying assets.,
What is the main purpose of a currency swap? : 
The main purpose of a currency swap is to exchange principal amounts in different currencies. Currency swaps involve the exchange of a set of payments in one currency for a set of payments in another currency, differing from interest rate swaps which involve exchanging different types of interest payments all denominated in the same currency.,
When a market participant believes the price of an underlying asset will increase they will:: 
When a market participant believes the price of an underlying asset will increase, they will 'buy futures long.' If they believe the price will fall, they will 'sell futures short.' This terminology reflects the directional bet on price movement – buying long means profiting if prices rise, while selling short means profiting if prices fall.,

What is the primary advantage of forward contracts over futures contracts? : 
Customization to specific needs is the primary advantage of forward contracts over futures contracts. Forward contracts are bespoke contracts tailored to specific amounts, currencies, and settlement dates. This allows parties to precisely match their hedging or trading needs, whereas futures have standardized terms that might not perfectly align with specific requirements.,

What is the main purpose of a Credit Default Swap (CDS)? : 
The main purpose of a Credit Default Swap (CDS) is to protect against credit risk of a third party. In a CDS, the buyer makes periodic payments to the seller for credit protection. If a credit event (like default or bankruptcy) relating to the referenced third party occurs, the seller makes the pre-determined payment to the buyer.,

When a market participant doesn't have the underlying asset that will be needed if physical delivery takes place in a futures contract, they are said to be:: 
When a market participant doesn't have the underlying asset needed if physical delivery takes place in a futures contract, they are said to be 'naked.' This contrasts with a 'covered' position where the seller possesses the underlying asset. A naked position potentially carries more risk since the seller would need to acquire the asset if the contract isn't closed out before delivery.,

Which of the following is required when a futures contract is initially agreed upon? : 
An initial margin deposit is required when a futures contract is initially agreed upon. This serves as a liquidity deposit and is refunded when the contract is closed. No money changes hands when the futures contract is initially agreed upon beyond this margin deposit. This requirement helps protect against counterparty risk.,

What happens to the majority of futures contracts before their maturity date? : 
The majority of futures contracts are closed out before their maturity date. Instead of proceeding to physical delivery, most futures positions are offset by taking an opposite position in the same contract, effectively canceling the obligation. Most traders are speculators or hedgers who never intend to make or take delivery.,

What type of option holder has the right to sell the underlying asset at the exercise price? : 
The holder of a put option has the right to sell the underlying asset at the exercise price. A put option gives the buyer the right, but not the obligation, to sell the underlying asset at the exercise price, while the seller is obliged to take delivery and pay the exercise price if the buyer exercises the option.,

In a credit derivative, what is typically defined as a credit event? : 
In a credit derivative, bankruptcy or significant fall in an asset's value is typically defined as a credit event. Credit events also include material default, debt restructuring, changes to the credit rating of the company, or an increase in the company's cost of funds in the market. These events trigger protection payments in credit derivatives.,

What type of risk exists in futures trading that is minimized compared to OTC forwards? : 
Counterparty risk exists in futures trading but is minimized compared to OTC forwards. In futures trading, the exchange acts as a clearing house, effectively eliminating default risk. The exchange clearinghouse system, with its margin requirements and daily mark-to-market settlements, significantly reduces the risk that one party will default on its obligations.,

How do market participants close their position in a futures contract? : 
Market participants close their position in a futures contract by selling an identical but opposite contract. This means buying a contract to offset a short position or selling a contract to offset a long position. Most futures are closed out before their maturity date, indicating that offsetting rather than delivery is the common practice in futures markets.,

What is the main difference between an Exchange-Traded Fund (ETF) and a traditional mutual fund? : 
The main difference between an ETF and a traditional mutual fund is that ETFs can be traded throughout the day on stock exchanges. This provides greater liquidity and flexibility compared to traditional mutual funds (like unit trusts and OEICs), which are typically priced and traded only once per day after market close, allowing investors to respond quickly to market movements.,

What is a characteristic of unit trusts that differentiates them from investment trusts? : 
Unit trusts are open-ended with no fixed number of units, meaning the fund can expand or contract as investors buy into or sell out of the fund. In contrast, investment trusts (Investment Trust Companies) are close-ended, with a fixed number of shares that typically remain unchanged for many years. This affects how the funds operate and how their prices are determined.,

Which investment style focuses on picking shares in companies that are currently undervalued relative to their present and future profits or cash flows? : 
Value investing focuses on picking shares in companies that are currently undervalued relative to their present and future profits or cash flows. This bottom-up investment style identifies companies whose share prices don't reflect their intrinsic value based on fundamentals such as earnings, dividends, or assets, expecting the market to eventually recognize this value.,

What is a key advantage of passive fund management compared to active management? : 
Lower fees are a key advantage of passive fund management compared to active management. Passive funds typically have lower expense ratios because they don't require the extensive research, frequent trading, and active decision-making that characterize actively managed funds. They simply track a market index rather than trying to outperform it.,

Which of these is a characteristic of REITs (Real Estate Investment Trusts)? : 
REITs must distribute at least 90% of income to shareholders annually to maintain their tax-advantaged status. This high distribution requirement is a key characteristic of REITs, which are investment companies that pool investors' funds to invest in commercial and residential property, providing access to property returns without double taxation.,

In a synthetic ETF, what is typically used to replicate the performance of an index? : 
Derivatives such as swaps are typically used in synthetic ETFs to replicate the performance of an index. Unlike physical ETFs which hold the actual underlying assets, synthetic ETFs use swap-based arrangements with counterparties (usually investment banks) that agree to pay the return of the index being tracked in exchange for the return on the ETF's collateral basket.,

What is the primary difference between an OEIC and a unit trust? : 
The primary difference between an OEIC and a unit trust is that OEICs adopt a company structure while unit trusts are legally constituted as trusts. In OEICs, investors hold shares in the company, while in unit trusts, a trustee safeguards the assets on behalf of the beneficial owners. This structural difference affects governance, regulatory frameworks, and some operational aspects.,

What type of fund permits gearing (borrowing funds) as part of its investment strategy? : 
Investment Trust Companies (ITCs) permit gearing (borrowing funds) as part of their investment strategy. This ability to use leverage is a distinctive feature of ITCs compared to other fund types like unit trusts and OEICs. Gearing can potentially enhance returns when investments perform well but can also amplify losses when they perform poorly.,

What is a distinguishing characteristic of a physical ETF compared to a synthetic ETF? : 
A distinguishing characteristic of a physical ETF is that it holds the actual underlying assets that make up the index it's tracking. This contrasts with synthetic ETFs, which use derivatives to replicate index performance. Physical ETFs might use full replication, stratified sampling, or optimization to track their target indices.,

What is a key difference between macro hedge funds and event-driven hedge funds? : 
Macro funds focus on global macroeconomic events while event-driven focus on corporate events. Macro funds seek investment opportunities in bonds, shares and currencies in response to expected global macroeconomic events, while event-driven funds exploit movements in financial assets arising from corporate events such as mergers and bankruptcies.,

What differentiates a Money Market Fund (MMF) from a direct investment in money market instruments? : 
MMFs allow investors to access assets they couldn't invest in individually through pooling of funds. This pooling enables retail investors to gain exposure to the money markets, which are highly professional markets not directly accessible to private investors. MMFs effectively serve as intermediaries making institutional-level money market instruments available to smaller investors.,

Which is a primary characteristic of contrarian investing? : 
Choosing stocks that are out of favor in the market is a primary characteristic of contrarian investing. Contrarian investors deliberately go against prevailing market trends, buying assets that most investors are selling or avoiding, based on the belief that markets tend to overreact and will eventually correct, allowing contrarians to profit from these reversals.,

What type of investment trust specializes in commercial and residential property investments? : 
REITs (Real Estate Investment Trusts) specialize in commercial and residential property investments. They are a specific type of investment trust that focuses exclusively on real estate assets, providing investors with exposure to property returns without requiring large capital outlays or direct property management, with tax advantages if they distribute at least 90% of income annually.,

What distinguishes a top-down investment approach from a bottom-up approach? : 
Top-down focuses on economic or industry trends while bottom-up focuses on specific companies. Top-down investment starts with macro factors and works down to specific investments, while bottom-up starts with individual companies and their fundamentals regardless of broader economic conditions. These represent two fundamentally different approaches to investment analysis.,

Which hedge fund strategy exploits pricing discrepancies between related financial instruments? : 
Relative value strategy is the hedge fund strategy that exploits pricing discrepancies between related financial instruments. These funds trade on perceived pricing differences between related securities, such as stocks and bonds of the same issuer. Relative value strategies typically aim to be market-neutral, profiting from the convergence of relative prices regardless of market direction.,

Which of the following investment fund structures typically trades at a premium or discount to Net Asset Value (NAV)? : 
Investment Trusts typically trade at a premium or discount to Net Asset Value (NAV). This is a direct consequence of their closed-ended structure, where a fixed number of shares trade on the stock exchange. Unlike open-ended funds (unit trusts/OEICs) which are typically priced directly based on their NAV, investment trust prices are determined by market forces.
What happens when domestic prices increase according to the purchasing power parity theory? : 
According to the purchasing power parity theory, when domestic prices increase relative to foreign prices, the domestic currency depreciates. This happens because higher domestic inflation makes domestic goods more expensive compared to foreign goods, reducing demand for the domestic currency. The theory suggests exchange rates between currencies will adjust to reflect changes in the price levels of the two countries.,

What is the relationship between the spot exchange rate and the forward exchange rate according to interest rate parity? : 
According to interest rate parity, the forward exchange rate is determined by the interest rate differential between currencies. The relationship is expressed by the formula: Forward rate = Spot rate × (1 + quote currency short-term rate)/(1 + base currency short-term rate). This purely mathematical relationship ensures that the difference between spot and forward rates reflects the interest rate differential, preventing arbitrage opportunities.,

When a forward exchange rate is at a premium to the spot rate? : 
A forward exchange rate is at a premium to the spot rate when the base currency interest rate is lower than the quote currency interest rate. This follows from the interest rate parity formula, where if the quote currency has a higher interest rate, the forward rate will be higher than the spot rate (at a premium), reflecting the expected appreciation of the base currency to offset the interest rate disadvantage.,

Which factor will most likely cause a country's currency to appreciate according to economic theory? : 
Increased export demand will most likely cause a country's currency to appreciate according to economic theory. When foreign demand for a country's exports increases, there's greater demand for that country's currency to purchase these exports. This increased demand for the currency causes it to appreciate relative to other currencies, as shown in the lecture notes table of exchange rate factors.,

When a country operates under a managed exchange rate regime (dirty float), what is the primary activity of the central bank? : 
Under a managed exchange rate regime (dirty float), the primary activity of the central bank is intervening occasionally to stabilize the currency. As described in the lecture notes, a managed exchange rate regime is a mix between fixed and floating: the currency fluctuates based on market forces, but the central bank intervenes when necessary to stabilize it and prevent excessive volatility.,

What is the term for the buying and selling of currencies that are not directly quoted against each other? : 
Cross-rate trading is the term for buying and selling currencies that are not directly quoted against each other. This involves using a third currency (typically USD) as an intermediary for the exchange. For example, to determine the exchange rate between GBP and JPY without a direct quote, one would use the GBP/USD and USD/JPY rates to calculate the implied GBP/JPY rate.,

In what way does an increase in trade barriers typically affect a country's exchange rate according to economic theory? : 
According to economic theory, an increase in trade barriers typically causes a currency to appreciate. As shown in the lecture notes table, when trade barriers increase, the exchange rate appreciates. This happens because trade barriers reduce imports, decreasing the supply of domestic currency in foreign exchange markets as fewer domestic residents need to convert their currency to buy foreign goods.,

What type of foreign exchange contract is a standardized version of a forward contract traded on derivative exchanges? : 
A foreign currency future is a standardized version of a forward contract traded on derivative exchanges. As noted in the lecture materials, futures contracts have fixed contract sizes and maturity dates, unlike the more customized over-the-counter forward contracts. Their standardization enables them to be exchange-traded with transparent pricing and reduced counterparty risk.,

How is foreign exchange volatility typically measured? : 
Foreign exchange volatility is typically measured by the daily percentage change in exchange rates. This statistical measure captures the magnitude of day-to-day fluctuations in currency values, providing a quantification of risk for market participants. Higher volatility indicates greater uncertainty and potentially larger gains or losses from currency movements.,

What happens in an FX transaction when the base currency strengthens against the quote currency? : 
When the base currency strengthens against the quote currency in an FX transaction, the exchange rate increases. Since the exchange rate shows how much of the quote currency is needed to buy one unit of the base currency, a stronger base currency means more units of the quote currency are required to purchase one unit of the base currency, resulting in a higher exchange rate.,

What is the relationship between a country's productivity and its currency value according to economic theory? : 
According to economic theory, increased productivity leads to currency appreciation. As shown in the lecture notes table, when a country's productivity increases, its currency tends to appreciate. Higher productivity means the country can produce goods more efficiently, which can lead to increased exports, improved trade balances, higher economic growth, and consequently, higher demand for the country's currency.,

What is meant by translation risk in foreign exchange? : 
Translation risk in foreign exchange refers to the risk proportional to assets held in foreign currencies affecting reported values. As defined in the lecture notes, it affects the reported value of assets that are located in a different country or are denominated in a different currency. This primarily impacts financial reporting and balance sheet values rather than actual cash flows.,

What distinguishes transaction exposure from economic exposure in foreign exchange risk? : 
Transaction exposure is short-term while economic exposure is long-term. Transaction risk relates to exchange rates changing between when a transaction is agreed and when it's paid for in cash, affecting specific business dealings. Economic risk occurs with long-term exchange rate movements, usually caused by changes in country or political risk, affecting the company's competitive position in the market.,

What is the primary factor that determines whether forward exchange rates are at a premium or discount to the spot rate? : 
Interest rate differentials between the two currencies are the primary factor determining whether forward exchange rates are at a premium or discount to the spot rate. Following the interest rate parity formula, if the interest rate of the quote currency is higher than that of the base currency, the forward rate will be at a premium to the spot rate, and vice versa.,
When a company issues Commercial Paper, what is typically used to determine its creditworthiness? : 
Credit rating is typically used to determine a company's creditworthiness when issuing Commercial Paper. As implied in the lecture notes, Commercial Paper is issued by very large companies for short-term borrowing, and the credit rating of the issuer is crucial in determining the interest rate and marketability of the paper, with higher-rated issuers able to borrow at lower rates.,

What is the role of the Debt Management Office (DMO) in relation to Treasury Bills? : 
The Debt Management Office (DMO) issues Treasury Bills on behalf of the treasury. As stated in the lecture notes, Treasury Bills are 'issued weekly by the Debt Management Office (DMO) on behalf of the treasury' and are 'used for the government's short-term borrowing needs.' The DMO manages the issuance process, including auctions and distribution to primary dealers.,

What is the primary purpose of the money markets from a corporate treasurer's perspective? : 
From a corporate treasurer's perspective, the primary purpose of the money markets is to efficiently manage cash and provide short-term funding. The lecture notes explain that money markets enable 'efficient cash management: enable firms and financial institutions to securely park surplus funds in a highly liquid market until needed' and provide 'affordable short-term funding' for temporary capital needs.,

Which of the following is a risk of cash deposits that results from rising price levels eroding the purchasing power of savings? : 
Inflation impact is the risk of cash deposits that results from rising price levels eroding the purchasing power of savings. As noted in the lecture materials under disadvantages of cash deposits, inflation can reduce the real value of money over time. Even if the nominal value of deposits remains the same or grows slightly with interest, high inflation can result in a net loss of purchasing power.,

What is the primary reason why banks face higher regulation and costs than money markets? : 
Banks face higher regulation and costs than money markets primarily to reduce asymmetric information problems. As explained in the lecture notes, 'in cases of low asymmetric information, money markets offer a cost advantage over banks.' Banking regulations aim to protect depositors and maintain financial stability by addressing information asymmetries, which results in higher operational costs for banks.,

What type of money market instrument may be issued without a coupon at a discount to face value? : 
Commercial Paper may be issued without a coupon at a discount to face value. As described in the lecture notes, Commercial Paper is a 'zero-coupon instrument, issued at a discount to par value.' This means the return to investors comes from buying the paper below face value and redeeming it at maturity for the full face value, rather than from interest payments.,

Which participant in the money markets is responsible for setting the base interest rate? : 
The Bank of England is responsible for setting the base interest rate in the money markets. As listed among the key participants in the Money Markets, the Bank of England plays a crucial role in implementing monetary policy through interest rate decisions, which influence the rates at which other money market participants lend and borrow.,

What distinguishes a Short-Term Money Market Fund from a standard Money Market Fund? : 
Short-Term Money Market Funds have shorter maturities than standard Money Market Funds. As explained in the lecture notes, standard Money Market Funds 'are slightly longer-term than short-term money market funds.' The shorter maturity profile of Short-Term MMFs typically results in lower yields but also less interest rate risk and potentially greater stability.,

What is the main characteristic of interbank deposits before the introduction of Certificates of Deposit in the late 1960s? : 
Before the introduction of Certificates of Deposit, interbank deposits could not be traded during their lifetime. As stated in the lecture notes, 'Before the late 1960s, interbank deposits could not be traded during their lifetime -- banks had to hold deposits for the full term.' CDs were introduced to allow these deposit-based instruments to be traded on the secondary market before maturity.,

Which of the following is true about commercial paper (CP) issuance? : 
Commercial paper issuance must be pre-arranged with banks. According to the lecture notes, Commercial Paper is 'pre-arranged with banks, ensuring the company has approval to issue CP.' This arrangement ensures that the issuing company has the necessary credit facilities and support to back the Commercial Paper, enhancing its marketability and creditworthiness.,

How do retail investors typically access the money markets? : 
Retail investors typically access the money markets via money market accounts or money market funds. As the lecture notes explain, 'The money market is a highly professional market used by banks and companies to manage liquidity needs. It is not directly accessible to private investors -- they must use money market accounts or money market funds (MMF).',

What is the main advantage of MMFs earning AAA ratings? : 
The main advantage of MMFs earning AAA ratings is that they ensure diversification across multiple instruments and providers. As mentioned in the lecture notes, MMFs facilitate 'diversification as they invest in multiple instruments from various providers, ensuring high security, if AAA-rated.' This high rating indicates strong diversification and rigorous risk management.,
In which type of swap does the party paying fixed interest and receiving floating interest payments benefit when interest rates fall? : 
In a rate swap (interest rate swap), the party paying fixed interest and receiving floating interest payments benefits when interest rates fall. According to the lecture notes, this party is considered 'long' in the swap. When interest rates fall, they continue to pay the same fixed rate while receiving lower floating payments, but the net effect is beneficial as the present value of their fixed payment obligation increases in value.,

What is the primary purpose of using derivative contracts like forwards in currency markets? : 
The primary purpose of using derivative contracts like forwards in currency markets is to hedge against foreign exchange risk. As stated in the lecture notes, forward contracts are 'commonly used to hedge against foreign exchange risk.' They allow companies to lock in an exchange rate for future transactions, protecting against adverse currency movements.,

In derivative valuation, what is the term for the difference between the market price of the underlying asset and the strike price of an option? : 
The term for the difference between the market price of the underlying asset and the strike price of an option is intrinsic value. This represents the profit that could be realized by exercising the option immediately. For a call option, it's the market price minus strike price (if positive, otherwise zero); for a put option, it's the strike price minus market price (if positive, otherwise zero).,

When a derivatives trader takes both a long and short position in similar contracts to profit from price discrepancies, what strategy are they employing? : 
When a derivatives trader takes both a long and short position in similar contracts to profit from price discrepancies, they are employing an arbitrage strategy. Arbitrage involves exploiting price differences between similar or related instruments to make risk-free profits. This strategy is based on the principle that the same asset should not trade at different prices in different markets.,

What is the primary purpose of requiring an initial margin in futures trading? : 
The primary purpose of requiring an initial margin in futures trading is to protect against counterparty default. As explained in the lecture notes, parties 'must deposit an initial margin with the exchange -- acts as a liquidity deposit; refunded when the contract is closed.' This margin system, combined with daily mark-to-market settlements, helps manage the risk of one party defaulting on their obligations.,

What happens to a futures contract if the price of the underlying asset moves against the holder's position? : 
If the price of the underlying asset moves against the holder's position in a futures contract, the holder must deposit additional margin (margin call). As described in the lecture notes on the mechanics of trading futures, 'Any losses must be covered daily' during the mark-to-market process, and 'Agreed margin must be maintained to continue holding the position.',

What is the key difference between American-style options and European-style options? : 
The key difference between American-style and European-style options is that European options can only be exercised at expiration, while American options can be exercised any time during the life of the option. This timing flexibility gives American options additional value compared to otherwise identical European options, particularly for certain types of underlying assets.,

What is the delta of an option in derivatives trading? : 
The delta of an option in derivatives trading is the rate of change of the option price with respect to the underlying asset price. Delta measures how much the theoretical value of an option changes when the underlying asset price changes by one unit. It ranges from 0 to 1 for call options and -1 to 0 for put options, indicating the option's sensitivity to price movements.,
What distinguishes a company that uses full replication indexing from one that uses stratified sampling? : 
Full replication buys every share in the index while stratified sampling buys a representative sample of securities from each sector of the index. As explained in the lecture notes under 'Physical ETFs -- index replication strategies,' stratified sampling introduces basis risk, which is the risk that the performance of the sample doesn't perfectly match the index being tracked.,

What is a key characteristic that differentiates hedge funds from traditional investment funds? : 
A key characteristic that differentiates hedge funds from traditional investment funds is that hedge funds often impose initial lock-in periods of 1-3 months. As noted in the lecture materials under hedge fund commonalities, these funds 'Usually impose initial lock in period of between 1-3 months.' This reduced liquidity allows hedge funds to make longer-term or less liquid investments.,

What happens in an optimized indexing strategy for ETFs? : 
In an optimized indexing strategy for ETFs, sophisticated computer modeling selects securities that mimic the broad characteristics of the index tracked. As explained in the lecture notes, 'Optimisation: Sophisticated computer modelling is used to identify a sample of those securities which mimic the broad characteristics of the index tracked.' This approach balances tracking accuracy with cost efficiency.,

What is the key characteristic of an unauthorized Collective Investment Scheme in the UK? : 
The key characteristic of an unauthorized Collective Investment Scheme in the UK is that it is not regulated by the FCA and typically marketed to sophisticated investors. As mentioned in the lecture notes, hedge funds are often 'established as unauthorised and unregulated CISs' with high investment entry levels, typically marketed to professional or high-net-worth investors who can assess the additional risks.
In interest rate swaps, which party typically seeks to hedge against rising interest rates? : 
The party paying fixed rate payments typically seeks to hedge against rising interest rates. According to the lecture notes, the party that pays fixed and receives floating is considered 'long' in the swap. This position protects against rising rates because while they pay a constant fixed rate, they receive increasing floating rate payments as interest rates rise, benefiting from the net difference.,

What is the primary risk of selling naked call options? : 
The primary risk of selling naked call options is unlimited potential loss. When a call option writer (seller) does not own the underlying asset (i.e., is 'naked'), they face theoretically unlimited risk if the price of the underlying asset rises significantly above the strike price, as they would be obligated to buy the asset at market price and sell it at the lower strike price.,

When a company uses a currency swap to hedge foreign exchange risk on overseas borrowing, what typically happens with the principal amounts? : 
In a currency swap used to hedge foreign exchange risk on overseas borrowing, the principal amounts are typically exchanged at the beginning and end of the swap. This initial exchange allows each party to obtain the currency they need, while the re-exchange at maturity ensures they can repay their original obligations. During the swap, interest payments in the respective currencies are exchanged.,

What is the purpose of the variation margin in futures trading? : 
The purpose of variation margin in futures trading is to require additional deposits if prices move unfavorably. As explained in the lecture notes on the mechanics of trading futures, 'Any losses must be covered daily' during the mark-to-market process. These additional margin calls ensure that the agreed margin level is maintained to continue holding the position.,

In options trading, what is a 'straddle' position? : 
A 'straddle' position in options trading involves simultaneously holding both a call and put option on the same underlying asset. As mentioned in the lecture notes, 'Some investors may wish to hedge their position against both upward and downward price movements > hold both a call and a put option > straddle.' This strategy can profit from significant price movement in either direction.,

What is the primary function of a clearing house in futures trading? : 
The primary function of a clearing house in futures trading is to guarantee contract performance and eliminate counterparty risk. As noted in the lecture materials, futures contracts have 'No counterparty risk -- exchange acts as a clearing house, eliminating default risk.' The clearing house becomes the buyer to every seller and the seller to every buyer, thus removing the risk of default by individual traders.,

What is the term for a simultaneous purchase and sale of identical assets in different markets to profit from price differences? : 
Arbitrage is the term for a simultaneous purchase and sale of identical assets in different markets to profit from price differences. This strategy exploits price inefficiencies between markets, buying the asset where it's cheaper and simultaneously selling it where it's more expensive, locking in a risk-free profit. Efficient markets tend to have few arbitrage opportunities as prices quickly adjust.,

How do market makers in derivatives markets typically generate profit? : 
Market makers in derivatives markets typically generate profit by maintaining a spread between buying and selling prices. Similar to FX traders who 'make money on currency transactions by buying at the bid rate and selling at the offer/ask rate,' derivatives market makers provide liquidity by continuously quoting both bid and ask prices and profit from the difference between these rates.,

What is the key difference between a collar option strategy and a straddle? : 
The key difference is that a collar limits both potential gains and losses, while a straddle profits from volatility in either direction. A collar involves buying a protective put option and selling a covered call option, creating bounds on potential outcomes. A straddle, as noted in the lecture materials, involves holding both a call and put option to benefit from significant price movements regardless of direction.,

How does the marking-to-market process in futures trading differ from options trading? : 
Options are not marked-to-market, while futures are marked-to-market daily. As explained in the lecture notes, futures contracts are subject to daily settlement where 'Any losses must be covered daily' and 'Any gains can be withdrawn daily.' For options, the buyer pays a premium upfront and has no further obligation until exercise, so there's no need for daily marking-to-market.,

What role does the 'notional value' play in swap contracts? : 
In swap contracts, the notional value is the reference amount used to calculate payment obligations. As mentioned in the lecture notes, 'The principal amounts does not change hands, just the net difference in the interest rate less commission' and 'the amounts to be exchanged are calculated by reference to the notional value.' This reference amount determines the size of the payments without actually being exchanged.,
What is a key characteristic that distinguishes growth investing from value investing? : 
Growth investing focuses on companies with strong growth prospects regardless of current valuation, while value investing focuses on undervalued companies. As described in the lecture notes, growth investing involves 'picking shares of companies that present opportunities to grow significantly in the long term,' whereas value investing targets 'shares in companies that are undervalued relative to their present and future profits or cash flows.',

How does a stratified sampling approach to index tracking differ from an optimization approach? : 
Stratified sampling uses a representative sample from each sector, while optimization uses computer modeling to identify securities that mimic index characteristics. According to the lecture notes, stratified sampling involves selecting 'A representative sample of the securities from each sector of the index,' whereas optimization employs 'Sophisticated computer modelling...to identify a sample of those securities which mimic the broad characteristics of the index tracked.',

What is a key advantage that Exchange Traded Funds (ETFs) offer over traditional unit trusts? : 
Trading flexibility throughout the day is a key advantage that ETFs offer over traditional unit trusts. As stated in the lecture notes, ETFs are 'Traded on stock exchanges - highly liquid market.' This contrasts with unit trusts and OEICs which typically allow transactions only once per day, providing ETF investors with greater ability to respond to market movements.,

What characteristic distinguishes a fund of hedge funds from a direct hedge fund investment? : 
Lower minimum investment requirements distinguish a fund of hedge funds from a direct hedge fund investment. While direct hedge funds typically have 'High investment entry levels -- Often £500,000 some £1m +' as noted in the lecture materials, funds of hedge funds pool resources from multiple investors, allowing access to hedge fund strategies with smaller investment amounts.,

What is the primary difference between private equity and venture capital investments? : 
Venture capital focuses on startups, while private equity focuses on more mature companies. As explained in the lecture notes, venture capital funds 'invest in early-stage startups with high growth potential,' typically taking minority stakes. Private equity funds, however, invest in 'more mature, established companies,' often acquiring controlling stakes or entire companies to restructure and improve them.,

What typically happens to the structure of unit trusts when they convert to OEICs? : 
When unit trusts convert to OEICs, they adopt a company structure rather than a trust structure. As noted in the lecture materials, while unit trusts are 'legally constituted as a trust,' OEICs 'adopt a company structure' where 'investors hold shares in the company.' This structural change is part of why 'Many unit trust providers have converted to OEICs in recent years.',

What is the key benefit of a Real Estate Investment Trust (REIT) compared to direct property investment? : 
REITs provide access to property returns without double taxation. According to the lecture notes, REITs 'provide access to property returns without double taxation' and 'pay no tax on property income or capital gains on property disposals (providing at least 90% is distributed to shareholders each year).' This tax efficiency, combined with greater liquidity and lower investment thresholds, are key advantages.,

Which of the following best describes a 'single pricing' structure used by some OEICs? : 
A 'single pricing' structure used by some OEICs involves one price for both buying and selling shares based on the mid-market value. As explained in the lecture notes, 'Single pricing: mid-market prices of the underlying assets are used to produce a single price' for both buying and selling shares in the fund. This contrasts with dual pricing which uses separate prices.,

Which regulatory body is responsible for classifying open-ended funds in the UK? : 
The Investment Association is responsible for classifying open-ended funds in the UK. As mentioned in the lecture notes, the Investment Association (IA) is one of the 'Two key regulators' for investment funds, specifically handling 'open-ended funds' classification. The other key regulator, the Association of Investment Companies (AIC), focuses on close-ended companies.,

What is the primary function of a depository in an OEIC structure? : 
The primary function of a depository in an OEIC structure is to maintain responsibility for the investments on behalf of shareholders. As noted in the lecture materials, 'An independent depository maintains responsibility for the investments on behalf of OEIC shareholders.' This provides an important safeguard by separating the management function from the custody of assets.,

How does basis risk affect ETFs that use stratified sampling instead of full replication? : 
Basis risk creates potential for the ETF's returns to deviate from the benchmark index when using stratified sampling. According to the lecture notes, stratified sampling involves buying a representative sample of securities from each sector of the index, which 'introduces basis risk' - the risk that the selected sample doesn't perfectly track the performance of the full index.,

What distinguishes a venture capital fund's investment approach from other private investment funds? : 
Venture capital funds focus on early-stage companies with high growth potential. As described in the lecture notes, venture capital funds 'invest in early-stage startups with high growth potential,' typically taking minority stakes in exchange for equity. This higher-risk approach targeting emerging businesses distinguishes them from other private funds like private equity that focus on more established companies.,
What role did the 1930s banking regulations play in the development of money markets? : 
The 1930s banking regulations limited bank interest rates to reduce competition and risk of failure. According to the lecture notes, 'Historical Regulations: 1930s regulations limited bank interest rates to reduce competition and risk of failure. Interest rate caps were not an issue until the 1950s but became problematic in the 1970s-1980s due to high inflation.' These regulations ultimately contributed to the rise of money markets.,

What is meant by a 'zero-coupon instrument' in the context of money market securities? : 
A zero-coupon instrument in the context of money market securities is an instrument issued at a discount to par value with no interest payments. As described in the lecture notes regarding Commercial Paper, it is a 'Zero-coupon instrument, issued at a discount to par value.' Similarly, Treasury Bills are 'non-interest-bearing instruments' that are 'issued at a discount to par value.',

What is the purpose of the Financial Services Compensation Scheme (FSCS) in relation to cash deposits? : 
The purpose of the Financial Services Compensation Scheme (FSCS) in relation to cash deposits is to protect depositors against bank failure up to a certain limit. While not explicitly mentioned in the provided lecture notes, the FSCS is a key safety mechanism in the UK banking system that helps mitigate the credit risk associated with cash deposits by providing government-backed deposit insurance.,

What primary advantage did the rise of money markets offer investors in the 1970s-1980s when inflation was high? : 
The rise of money markets in the 1970s-1980s offered investors a means to circumvent bank interest rate caps. As noted in the lecture materials, 'When inflation pushed interest rates above legal bank limits, investors shifted to money market securities.' This allowed investors to achieve returns that better reflected market rates during the high inflation period.,

How do Certificates of Deposit (CDs) with variable interest rates typically determine their rates? : 
Certificates of Deposit (CDs) with variable interest rates typically determine their rates by linking to a benchmark rate like LIBOR or its replacement. As implied in the lecture notes, CDs can have either fixed or variable interest rates, and those with variable rates typically reference a standard market benchmark that fluctuates with overall interest rate conditions.,

What distinguishes interbank deposits from retail bank deposits in the money markets? : 
Interbank deposits are typically in much larger denominations than retail bank deposits. As described in the lecture notes, money market transactions 'are large, usually in excess of £1 million.' This wholesale nature of the interbank market contrasts with the smaller deposit amounts in retail banking, reflecting its institutional character.,

What happens to the interest calculation for a Treasury Bill that is sold in the secondary market before maturity? : 
For a Treasury Bill sold in the secondary market before maturity, the interest is recalculated based on the new holding period. As Treasury Bills are discount instruments with no coupon payments, the effective yield for a new purchaser depends on the price paid and the remaining time to maturity, requiring a recalculation of the implied interest rate.,

Which type of FX rate regime was most common globally before the breakdown of the Bretton Woods system in the early 1970s? : 
Fixed (pegged) exchange rates were most common globally before the breakdown of the Bretton Woods system in the early 1970s. The Bretton Woods system established after World War II created a system of fixed exchange rates where currencies were pegged to the US dollar, which was itself convertible to gold at a fixed rate. This system collapsed in the early 1970s.,

What is meant by a 'dirty float' in exchange rate terminology? : 
A 'dirty float' in exchange rate terminology refers to a mix between fixed and floating where the currency fluctuates but the central bank intervenes when necessary. As described in the lecture notes under 'Managed (Dirty Float) Exchange Rate Regimes,' it's a system where 'the currency fluctuates but the central bank intervenes when necessary to stabilise it.',

How does a central bank typically intervene in foreign exchange markets under a managed exchange rate regime? : 
Under a managed exchange rate regime, a central bank typically intervenes by buying or selling its own currency in the forex market. As noted in the lecture materials, under managed regimes, 'the central bank intervenes when necessary to stabilise it.' This involves purchasing the domestic currency when it weakens too much or selling it when it strengthens excessively.,

What is meant by the term 'arbitrage' in the context of interest rate parity? : 
In the context of interest rate parity, 'arbitrage' refers to taking advantage of price discrepancies between different markets. The lecture notes explain that according to Interest Rate Parity, 'the exchange rate will adjust to prevent easy, risk-free profits ('arbitrage').' Arbitrage opportunities would exist if the relationship between interest rates and exchange rates allowed for risk-free profits.,

In which circumstance would an importing company most likely use a forward foreign exchange contract? : 
An importing company would most likely use a forward foreign exchange contract when uncertain about future exchange rate movements. Forward contracts allow importers to lock in an exchange rate for future payments, protecting against adverse currency fluctuations between when goods are ordered and when payment is due, helping manage transaction risk as described in the lecture notes.,

What does the 'bid-ask spread' represent in foreign exchange markets? : 
In foreign exchange markets, the 'bid-ask spread' represents the difference between buying and selling rates offered by dealers. As explained in the lecture notes, 'FX traders make money on currency transactions by: Buying currency at one rate -- the bid rate, Selling currency at another rate -- the offer/ask rate, Difference is the spread (usually quite small).'
What role does the 'notional value' play in swap contracts? : 
In swap contracts, the notional value is the reference amount used to calculate payment obligations. As mentioned in the lecture notes, 'The principal amounts does not change hands, just the net difference in the interest rate less commission' and 'the amounts to be exchanged are calculated by reference to the notional value.' This reference amount determines the size of the payments without actually being exchanged.,

What is the key difference between margin in futures trading and premium in options trading? : 
Margin is returned if unused; premium is non-refundable. In futures trading, the initial margin acts as a security deposit that is refunded when the contract is closed out or settled. In contrast, the premium paid by an option buyer is the cost of acquiring the right (but not obligation) to buy or sell the underlying asset, and is not refundable regardless of whether the option is exercised.,

What is meant by 'basis risk' in derivatives hedging? : 
Basis risk is the risk that the hedge will not perfectly offset the underlying position. This occurs when there is an imperfect correlation between the hedging instrument and the exposure being hedged. In the lecture notes, basis risk is mentioned in relation to ETFs that use stratified sampling, noting that this approach 'introduces basis risk' compared to full replication.,

What is a 'gamma' in options trading terminology? : 
In options trading terminology, gamma is the rate of change of the delta with respect to the underlying asset's price. While delta measures how much an option's price changes when the underlying asset price changes, gamma measures how quickly delta itself changes. This second-order derivative is important for understanding how an option's sensitivity to price movements evolves.,

What distinguishes a vertical spread option strategy from a horizontal spread? : 
Vertical spreads involve options with different strike prices but the same expiration; horizontal spreads involve options with the same strike but different expirations. Vertical spreads profit from directional price movements, while horizontal spreads (also called calendar spreads) profit from the different rates of time decay between near and far-term options.,

What is the theoretical price of a European call option according to the Black-Scholes model based on? : 
According to the Black-Scholes model, the theoretical price of a European call option is based on current stock price, strike price, time to expiration, risk-free rate, and volatility. This mathematical model, which won the Nobel Prize in Economics, provides a theoretical framework for pricing options based on these key variables that influence option value.,

What is the purpose of a Special Purpose Vehicle (SPV) in structured derivatives? : 
The purpose of a Special Purpose Vehicle (SPV) in structured derivatives is to isolate specific assets and their risks from the originator's balance sheet. SPVs are separate legal entities created to fulfill narrow, specific, or temporary objectives, allowing financial institutions to securitize assets, manage risks, and potentially achieve favorable regulatory or accounting treatment.,

What is the significance of 'fungibility' in exchange-traded derivatives? : 
Fungibility in exchange-traded derivatives means contracts can be freely exchanged with identical contracts. This standardization allows traders to open and close positions easily by taking offsetting positions, without needing to deal with the original counterparty. The lecture notes mention that futures contracts have standardized terms, which enables this fungibility.,

What distinguishes a 'bull spread' from a 'bear spread' option strategy? : 
Bull spreads profit from rising prices; bear spreads from falling prices. A bull spread typically involves buying an option with a lower strike price and selling one with a higher strike price, creating a position that benefits from moderate price increases. A bear spread does the opposite, profiting from moderate price decreases.,

 what happens when a trader 'opens' a futures trading position? : 
According to the lecture notes, when a trader 'opens' a futures trading position, they first start trading by either buying or selling a contract. Specifically, the notes state that 'When a market participant first starts trading in futures, they open futures trading position by either buying or selling a future contract.' This initiates their position in the market.,

What term is used in your notes for an option writer who has received a premium and is obliged to buy the underlying asset? : 
According to the lecture notes, a put option writer is one who has received a premium and is obliged to buy the underlying asset. The notes state: 'Writer -- Put option: The writer received a premium from the holder and is obliged to buy.' This contrasts with a call option writer who is obliged to sell the underlying asset.,

 what is the relationship between the two 'legs' of a swap contract? : 
According to the lecture notes, the two 'legs' of a swap contract represent different interest rate payment streams. The notes explain that 'Two exchanges are known as legs and the amounts to be exchanged are calculated by reference to the notional value.' In an interest rate swap, one leg typically involves fixed rate payments while the other involves floating rate payments.,

What is meant when a futures contract is 'marked-to-market' ? : 
According to the lecture notes, when a futures contract is 'marked-to-market,' there is a daily calculation of profits and losses with margin adjustments. The notes state that 'Futures contracts are marked-to-market daily: Any losses must be covered daily, Any gains can be withdrawn daily based on price movements, Agreed margin must be maintained to continue holding the position.',

 what is a characteristic of a futures contract that distinguishes it from a forward? : 
According to the lecture notes, futures are standardized and exchange-traded, while forwards are customized and OTC (over-the-counter). The notes specifically mention that futures have 'Standardized contracts covering set assets -- ensuring transparency and high liquidity,' while forwards are 'bespoke contracts' that are 'usually administered OTC.',
What is unique about the pricing of a Commercial Paper compared to a Certificate of Deposit? : 
Commercial Paper is typically issued at a discount with no explicit interest, while Certificates of Deposit often pay explicit interest. According to the lecture notes, Commercial Paper is a 'Zero-coupon instrument, issued at a discount to par value,' whereas CDs can have 'Interest can be fixed or variable, or they may be issued at a discount without a coupon,' showing they commonly feature explicit interest payments.,

What advantage does a diversified Money Market Fund offer over direct investment in a single Certificate of Deposit? : 
A diversified Money Market Fund offers reduced credit risk through diversification compared to a single Certificate of Deposit. The lecture notes state that MMFs facilitate 'diversification as they invest in multiple instruments from various providers, ensuring high security, if AAA-rated.' This spreading of investments across multiple issuers reduces exposure to any single credit risk.,

When is a sponsor-supported Constant Net Asset Value (CNAV) Money Market Fund likely to break the buck? : 
A sponsor-supported CNAV Money Market Fund is likely to break the buck when the fund experiences significant redemptions in stressed market conditions. This occurs when the fund's assets fall below the level needed to maintain the stable NAV, typically during market crises when the value of underlying assets declines while large withdrawals occur simultaneously.,

What is meant by 'rollover risk' in money market investments? : 
Rollover risk in money market investments is the risk that interest rates will be lower when reinvesting maturing securities. This reflects the uncertain return that investors will receive when they need to reinvest proceeds from maturing short-term instruments, particularly in declining interest rate environments, affecting the overall yield of a money market investment strategy.,

How does tax treatment typically differ between income distributed by money market funds and interest earned on direct bank deposits in the UK? : 
In the UK, income distributed by money market funds and interest earned on direct bank deposits are treated identically for tax purposes. Both are generally treated as interest income for tax purposes and subject to income tax for individual investors, with certain allowances and rates depending on the taxpayer's circumstances.,

What is a key advantage of cash deposits ? : 
According to the lecture notes, safety and stability is a key advantage of cash deposits. The notes list several advantages of cash deposits, including 'Liquidity,' 'Savings and Interest,' and 'Safety and Stability.' This safety aspect makes cash deposits particularly suitable for emergency funds and preserving capital despite lower returns.,

What happens to the price of a Money Market Fund with Fluctuating Net Asset Value (NAV)? : 
According to the lecture notes, the price of a Money Market Fund with Fluctuating Net Asset Value (NAV) can go up or down based on market conditions. The notes specifically state: 'Fluctuating Net Asset Value (NAV) -- The price can go up or down based on market conditions.' This contrasts with Constant NAV funds where the price stays the same daily.,

What is a characteristic of interest rates offered on cash deposits? : 
According to the lecture notes, interest rates offered on cash deposits vary depending on the amount deposited and time committed. The notes state: 'Interest rates offered will vary depending on the amount deposited and the time for which the money is tied up.' Typically, larger deposits and longer commitment periods earn higher interest rates.,

What is a key risk associated with cash deposits that your notes highlight? : 
Inflation impact is a key risk associated with cash deposits highlighted in the lecture notes. Under the disadvantages of cash deposits, the notes mention 'Inflation impact,' which refers to the erosion of purchasing power over time when inflation rates exceed the interest rates paid on deposits.,
What distinguishes spot foreign exchange transactions from forward transactions in terms of settlement timing? : 
Spot foreign exchange transactions typically settle in T+2 days (two business days after the transaction date), while forward transactions settle on an agreed future date. As stated in the lecture notes, 'Transactions at the spot rate typically settle within two business days (T+2),' while forwards are 'agreements... to buy or sell a specific amount of a currency at a predetermined exchange rate on a future date.',

What is the significance of TOM/NEXT in foreign exchange markets? : 
In foreign exchange markets, TOM/NEXT refers to a position that starts tomorrow and ends the following business day. This short-term foreign exchange transaction is commonly used for overnight funding or hedging purposes, allowing market participants to manage short-term currency exposures or carry positions forward without establishing longer-term contracts.,

What effect does a narrowing of the interest rate differential between two countries typically have on their forward exchange rate premium/discount? : 
A narrowing of the interest rate differential between two countries typically decreases the premium/discount in their forward exchange rate. According to the interest rate parity formula (Forward rate = Spot rate × (1 + quote currency rate)/(1 + base currency rate)), as interest rates converge, the ratio approaches 1, reducing the difference between spot and forward rates.,

When does a direct quote in one country become an indirect quote? : 
According to the lecture notes, a direct quote in one country becomes an indirect quote when trading in a different country. The notes state: 'A direct quote in one country is an indirect quote in another.' This reflects how currency pairs are viewed from opposite perspectives in different countries.,

What is a feature of a managed exchange rate regime ? : 
According to the lecture notes, in a managed exchange rate regime, the currency fluctuates but the central bank intervenes when necessary. The notes describe Managed (Dirty Float) Exchange Rate Regimes as 'A mix between fixed and floating: the currency fluctuates but the central bank intervenes when necessary to stabilise it.',

How is currency appreciation or depreciation quantified ? : 
According to the lecture notes, currency appreciation or depreciation is quantified by the formula: (New exchange rate - Old exchange rate)/Old exchange rate. This calculation gives the percentage change in the currency's value relative to another currency over a specific period.,

What distinguishes an income unit trust from an accumulation unit trust? : 
Income unit trusts distribute dividends to investors, while accumulation unit trusts automatically reinvest them. This key difference affects how returns are delivered to investors, with income units providing regular cash flow while accumulation units focus on growing the capital value of the investment over time by compounding returns.,

What is the main purpose of a 'gate provision' in hedge fund operations? : 
The main purpose of a 'gate provision' in hedge fund operations is to restrict when and how much investors can withdraw. This mechanism helps fund managers prevent large-scale redemptions during market stress, which could force disadvantageous liquidation of assets. It relates to the lecture notes' mention of hedge funds imposing 'initial lock in period of between 1-3 months.',

What distinguishes an authorized unit trust from an unauthorized unit trust in the UK? : 
Authorized unit trusts are regulated by the FCA and can be marketed to retail investors, while unauthorized trusts face fewer regulations but can only be marketed to sophisticated investors. As mentioned in the lecture notes, unit trusts 'Can be authorised (AUTs) (by FCA) or unauthorised,' with unauthorized schemes typically having higher investment thresholds and greater investment flexibility.,

What is the 'two-and-twenty' fee structure commonly associated with hedge funds? : 
The 'two-and-twenty' fee structure commonly associated with hedge funds refers to a 2% management fee and 20% performance fee. This aligns with the lecture notes' statement that hedge funds 'Most levy performance related fees (often high 20%)' in addition to management fees, creating an incentive structure that rewards fund managers for generating positive returns.,

What distinguishes a Strategic Beta ETF from a traditional market-cap weighted ETF? : 
Strategic Beta ETFs follow alternative weighting methodologies based on factors like value or momentum, while traditional ETFs weight by market capitalization. Unlike conventional index-tracking approaches that simply weight securities by their market size, Strategic Beta ETFs employ rules-based methodologies that target specific factors or investment characteristics.,

What is the main difference between an REIT and a traditional property fund? : 
REITs must distribute 90% of income to shareholders and receive tax benefits, while traditional property funds have no distribution requirements. As stated in the lecture notes, REITs 'Pay no tax on property income or capital gains on property disposals (providing at least 90% is distributed to shareholders each year),' giving them a unique tax-advantaged status.,

What is a 'side pocket' in hedge fund terminology? : 
A 'side pocket' in hedge fund terminology is a segregated account for illiquid investments. This mechanism allows hedge fund managers to separate harder-to-value or illiquid assets from the main portfolio, preventing these positions from affecting the fund's overall liquidity and pricing while they are being managed or liquidated.,

What distinguishes an event-driven hedge fund from a global macro hedge fund? : 
Event-driven hedge funds focus on specific corporate events like mergers, while global macro funds focus on macroeconomic trends. As explained in the lecture notes, event-driven funds 'Exploit movements in financial assets arising from corporate events such as mergers, bankruptcies, new share issues,' while macro funds seek 'Investment opportunities in bonds, shares and currencies in response to expected global macroeconomic events.',

What is the primary purpose of the Undertakings for Collective Investment in Transferable Securities (UCITS) framework? : 
The primary purpose of the UCITS framework is to provide a standardized regulatory framework for investment funds across the EU. While not explicitly detailed in the lecture notes, this framework establishes common requirements for fund structure, investor protection, and disclosure that allows qualifying funds to be marketed throughout the European Union.,

What is a key characteristic that allows Investment Trust Companies (ITCs) to potentially enhance returns compared to unit trusts? : 
According to the lecture notes, Investment Trust Companies (ITCs) have the ability to gear (borrow funds), which can potentially enhance returns. The notes specifically state that ITCs 'Have the ability to gear (i.e. borrow funds),' which can amplify returns in rising markets but also increase losses in falling markets.,

What does your course material identify as a key benefit of passive fund management over active management? : 
According to the lecture notes, lower management fees are a key benefit of passive fund management over active management. The notes specifically state that passive funds have 'Lower fees (passively managed)' compared to active funds which have 'Higher fees (hands-on management).',

What investment style focuses on selecting shares of companies that are out of favor but may have 'hidden value'? : 
According to the lecture notes, contrarian investing focuses on 'picking shares what are out of favor and may have \hidden value.\' This investment style deliberately goes against prevailing market trends, based on the belief that markets overreact and will eventually correct, allowing contrarians to profit.,

What is the role of the Authorised Corporate Director in an OEIC ? : 
According to the lecture notes, the Authorised Corporate Director is responsible for the day-to-day management of an OEIC. The notes state: 'Authorised Corporate Director is responsible for the day-to-day management.' This differs from the role of the depository, which 'maintains responsibility for the investments on behalf of OEIC shareholders.',

Which of these is a regulatory body that classifies open-ended funds in the UK? : 
According to the lecture notes, The Investment Association is a regulatory body that classifies open-ended funds in the UK. The notes state: 'Two key regulators: The Investment Association (IA) -- open-ended funds, The Association of Investment Companies (AIC) -- close-ended companies.'


