Which money market instrument is issued by the Debt Management Office (DMO) on behalf of the government for short-term borrowing needs?,Commercial Paper,Treasury Bills,Certificates of Deposit,Repurchase Agreements,Treasury Bills,Cash Deposits and Money Markets
What is a key characteristic of money market securities?,They typically mature in more than 5 years,They have high default risk,They are sold in small denominations,They mature in one year or less from issue date,They mature in one year or less from issue date,Cash Deposits and Money Markets
Which of the following formulas is used to calculate the return of securities quoted on a discount basis?,R = (P - MP)/MP x (365/nrm),R = (P/MP) x (1 + I(nim/365)) - 1(365/nrm),MP = P/(1 + r(nrm/365)),MP = P x (1 + i(nim/365))/(1 + r(nrm/365)),R = (P - MP)/MP x (365/nrm),Cash Deposits and Money Markets
What is a primary reason investors use money markets?,To earn particularly high returns on their funds,As an interim investment with higher return than holding cash,For long-term capital appreciation,To speculate on market movements,As an interim investment with higher return than holding cash,Cash Deposits and Money Markets
Which of the following is a key risk associated with Money Market Funds (MMFs)?,Equity market risk,Commodity price risk,Liquidity risk,Operational risk,Liquidity risk,Cash Deposits and Money Markets
In currency trading what does a direct quote in one country become in another country?,An indirect quote,A cross-rate,A forward rate,A spot rate,An indirect quote,Foreign Exchange and Foreign Exchange Markets
According to Interest Rate Parity (IRP) how is the forward exchange rate calculated?,Forward rate = Spot rate x (1 + base currency short-term rate/1 + quote currency short-term rate),Forward rate = Spot rate x (1 + quote currency short-term rate/1 + base currency short-term rate),Forward rate = Spot rate - (base currency short-term rate - quote currency short-term rate),Forward rate = Spot rate + (quote currency short-term rate - base currency short-term rate),Forward rate = Spot rate x (1 + quote currency short-term rate/1 + base currency short-term rate),Foreign Exchange and Foreign Exchange Markets
What type of foreign exchange risk occurs when exchange rate movements are long-term and usually caused by changes in country or political risk?,Transaction risk,Translation risk,Economic risk,Operational risk,Economic risk,Foreign Exchange and Foreign Exchange Markets
When a country's currency appreciates what happens to the country's exports?,They become more expensive for other countries,They become cheaper for other countries,Their price remains unaffected,They increase in domestic value only,They become more expensive for other countries,Foreign Exchange and Foreign Exchange Markets
Which theory suggests that exchange rates between two currencies will adjust to reflect changes in the price levels of the two countries?,Interest Rate Parity,Law of One Price,Theory of Purchasing Power Parity,Exchange Rate Equilibrium,Theory of Purchasing Power Parity,Foreign Exchange and Foreign Exchange Markets
What type of derivative contract gives the holder the right but not the obligation to buy or sell an asset at a specified price?,Forward contract,Futures contract,Option contract,Swap contract,Option contract,Derivatives
Which of the following derivative contracts is standardized and traded on an organized exchange?,Swap,Forward,Future,Credit Default Swap,Future,Derivatives
In futures trading when a trader who has sold a future holds the underlying asset needed for delivery they are said to be:,Naked,Covered,Long,Hedged,Covered,Derivatives
When a party in an interest rate swap pays fixed and receives floating they are considered to be:,Short in the swap,Long in the swap,Neutral in the swap,Covered in the swap,Long in the swap,Derivatives
What happens during the daily mark-to-market process for futures contracts?,The contract is closed out,The exchange recalculates profits and losses daily,The contract terms are renegotiated,The premium is paid to the holder,The exchange recalculates profits and losses daily,Derivatives
Which type of option gives the holder the right to sell the underlying asset at the exercise price?,Call option,Put option,Straddle option,Swap option,Put option,Derivatives
What is the main difference between OTC derivatives and exchange-traded derivatives?,OTC derivatives have standardized features while ETDs are customized,OTC derivatives are more regulated than ETDs,ETDs have higher counterparty risk than OTC derivatives,OTC derivatives are less regulated and have more counterparty risk,OTC derivatives are less regulated and have more counterparty risk,Derivatives
What is the term for simultaneously holding both a call and a put option on the same underlying asset?,Short selling,Hedging,Straddle,Arbitrage,Straddle,Derivatives
In a Credit Default Swap (CDS) what happens if a credit event occurs?,The contract continues until maturity,The seller makes a predetermined payment to the buyer and the CDS terminates,The buyer doubles the periodic payments,The underlying asset is transferred to the seller,The seller makes a predetermined payment to the buyer and the CDS terminates,Derivatives
Which of the following is NOT a key category of derivatives?,Forwards,Futures,Options,Commodities,Commodities,Derivatives
What is the main purpose of a currency swap?,To exchange interest payments in the same currency,To exchange principal amounts in different currencies,To hedge against interest rate fluctuations only,To exchange dividend payments,To exchange principal amounts in different currencies,Derivatives
When a market participant believes the price of an underlying asset will increase they will:,Sell futures short,Buy futures long,Exercise a put option,Write a call option,Buy futures long,Derivatives
Which of the following is an advantage of futures contracts over forward contracts?,More flexibility in contract terms,Lower transaction costs,No initial margin requirement,No secondary market,Lower transaction costs,Derivatives
What is the main difference between an Exchange-Traded Fund (ETF) and a traditional mutual fund?,ETFs can only be traded once per day,ETFs are not regulated by financial authorities,ETFs can be traded throughout the day on stock exchanges,ETFs always outperform mutual funds,ETFs can be traded throughout the day on stock exchanges,Investment Funds
What is a characteristic of unit trusts that differentiates them from investment trusts?,Unit trusts are close-ended,Unit trusts are traded on stock exchanges,Unit trusts are open-ended with no fixed number of units,Unit trusts cannot invest in bonds,Unit trusts are open-ended with no fixed number of units,Investment Funds
Which investment style focuses on picking shares in companies that are currently undervalued relative to their present and future profits or cash flows?,Growth investing,Value investing,Momentum investing,Contrarian investing,Value investing,Investment Funds
What is a key advantage of passive fund management compared to active management?,Higher potential returns,Lower fees,Greater market outperformance,More frequent trading,Lower fees,Investment Funds
Which of these is a characteristic of REITs (Real Estate Investment Trusts)?,They must distribute at least 50% of income to shareholders,They are exempt from all taxation,They always trade at net asset value,They must distribute at least 90% of income to shareholders annually,They must distribute at least 90% of income to shareholders annually,Investment Funds
In a synthetic ETF what is typically used to replicate the performance of an index?,Physical securities only,Derivatives such as swaps,Direct investments in every index constituent,Only government bonds,Derivatives such as swaps,Investment Funds
What is the primary difference between an OEIC and a unit trust?,OEICs are only available to institutional investors,OEICs adopt a company structure while unit trusts are legally constituted as trusts,OEICs cannot invest in international markets,OEICs are always closed-ended,OEICs adopt a company structure while unit trusts are legally constituted as trusts,Investment Funds
What is the primary advantage of forward contracts over futures contracts?,Lower counterparty risk,Standardized terms,Customization to specific needs,Daily mark-to-market settlements,Customization to specific needs,Derivatives
What is the main purpose of a Credit Default Swap (CDS)?,To exchange different currency cash flows,To protect against credit risk of a third party,To hedge against interest rate fluctuations,To guarantee dividend payments,To protect against credit risk of a third party,Derivatives
In a currency pair quote USD/EUR which currency is the base currency?,Euro,US Dollar,Both currencies,Neither currency,US Dollar,Foreign Exchange and Foreign Exchange Markets
What is the typical settlement period for a spot foreign exchange transaction?,Same day (T+0),One business day (T+1),Two business days (T+2),Five business days (T+5),Two business days (T+2),Foreign Exchange and Foreign Exchange Markets
Which of these is a key participant in money markets?,Small retail investors,Individual day traders,Government treasuries,Commodity producers,Government treasuries,Cash Deposits and Money Markets
What type of fund is most commonly used to access money market instruments by retail investors?,Investment trust,Exchange Traded Fund,Money Market Fund,Hedge Fund,Money Market Fund,Cash Deposits and Money Markets
Which hedge fund strategy exploits pricing discrepancies between related financial instruments?,Macro strategy,Event-driven strategy,Directional strategy,Relative value strategy,Relative value strategy,Investment Funds
What is a key difference between private equity funds and venture capital funds?,Private equity funds focus on early-stage startups,Venture capital funds typically take controlling stakes in mature companies,Private equity funds invest in more mature established companies,Venture capital funds avoid technology investments,Private equity funds invest in more mature established companies,Investment Funds
What is the primary risk investors face when investing in cash deposits with banks?,Market risk,Liquidity risk,Credit risk,Exchange rate risk,Credit risk,Cash Deposits and Money Markets
Which of the following investment fund structures typically trades at a premium or discount to Net Asset Value (NAV)?,Unit Trust,OEIC,Investment Trust,Open-ended fund,Investment Trust,Investment Funds
What was the historical reason for the rise of money markets in the 1970s-1980s?,Higher banking regulations,Decreased demand for short-term funding,Inflation pushing interest rates above legal bank limits,Reduced competition between financial institutions,Inflation pushing interest rates above legal bank limits,Cash Deposits and Money Markets
What type of Net Asset Value (NAV) structure allows the price of a Money Market Fund to stay the same every day?,Variable NAV,Accumulating NAV,Fluctuating NAV,Constant NAV,Constant NAV,Cash Deposits and Money Markets
How do FX traders typically make money on currency transactions?,Through charging management fees,By buying at the bid rate and selling at the offer/ask rate,Through interest earned on currency deposits,By charging annual maintenance fees,By buying at the bid rate and selling at the offer/ask rate,Foreign Exchange and Foreign Exchange Markets
What is an FX swap in the foreign exchange market?,A standardized contract traded on exchanges,A two-legged transaction involving simultaneous buying and selling of the same currency amount with different settlement dates,A right to exchange currencies at a future date,A credit protection against currency default,A two-legged transaction involving simultaneous buying and selling of the same currency amount with different settlement dates,Foreign Exchange and Foreign Exchange Markets
According to the Law of One Price in foreign exchange what should happen to identical goods in different countries?,They should have different prices based on local taxation,They should have the same price when measured in the same currency,They should increase in price at the same rate,They should be taxed equally,They should have the same price when measured in the same currency,Foreign Exchange and Foreign Exchange Markets
Which exchange rate regime involves a country's currency being tied to another currency or basket of currencies?,Floating exchange rate,Managed exchange rate,Fixed (Pegged) exchange rate,Variable exchange rate,Fixed (Pegged) exchange rate,Foreign Exchange and Foreign Exchange Markets
When a market participant doesn't have the underlying asset that will be needed if physical delivery takes place in a futures contract they are said to be:,Long,Covered,Hedged,Naked,Naked,Derivatives
Which of the following is required when a futures contract is initially agreed upon?,Immediate full payment,Initial margin deposit,The entire value of the underlying asset,No money changes hands at all,Initial margin deposit,Derivatives
What happens to the majority of futures contracts before their maturity date?,They are physically delivered,They are transferred to other parties,They are closed out,They expire worthless,They are closed out,Derivatives
What type of option holder has the right to sell the underlying asset at the exercise price?,Writer of a call option,Writer of a put option,Holder of a call option,Holder of a put option,Holder of a put option,Derivatives
In a credit derivative what is typically defined as a credit event?,Bankruptcy or significant fall in an asset's value,Increase in company profits,New product launch,Management change,Bankruptcy or significant fall in an asset's value,Derivatives
What type of risk exists in futures trading that is minimized compared to OTC forwards?,Counterparty risk,Interest rate risk,Liquidity risk,Political risk,Counterparty risk,Derivatives
How do market participants close their position in a futures contract?,By waiting until maturity,By selling an identical but opposite contract,By paying a termination fee,By transferring the obligation to a third party,By selling an identical but opposite contract,Derivatives
For what purpose were Certificates of Deposit (CDs) introduced in the late 1960s?,To allow banks to raise capital quickly,To allow interbank deposits to be traded on the secondary market before maturity,To reduce interest rates in the banking system,To increase liquidity of treasury bills,To allow interbank deposits to be traded on the secondary market before maturity,Cash Deposits and Money Markets
What is a key advantage of cash deposits compared to other investment options?,Higher returns,Immediate capital growth,Liquidity,Higher risk profile,Liquidity,Cash Deposits and Money Markets
What is one of the three basic characteristics that money market securities have in common?,They typically trade in small denominations,They have high default risk,They mature in one year or less from issue date,They are primarily issued by individuals,They mature in one year or less from issue date,Cash Deposits and Money Markets
How are transactions in the money markets typically completed?,Through public auction,Via trading floors,Electronically via dealers and brokers,Through retail banking networks,Electronically via dealers and brokers,Cash Deposits and Money Markets
Which type of fund permits gearing (borrowing funds) as part of its investment strategy?,Unit Trust,Open-ended Investment Company,Exchange Traded Fund,Investment Trust Company,Investment Trust Company,Investment Funds
What is a distinguishing characteristic of a physical ETF compared to a synthetic ETF?,It uses derivatives to track an index,It holds the actual underlying assets,It always trades at net asset value,It has higher management fees,It holds the actual underlying assets,Investment Funds
What is a key difference between macro hedge funds and event-driven hedge funds?,Macro funds focus on corporate events while event-driven focus on economies,Macro funds focus on global macroeconomic events while event-driven focus on corporate events,Macro funds are always more profitable,Macro funds invest only in commodities,Macro funds focus on global macroeconomic events while event-driven focus on corporate events,Investment Funds
What differentiates a Money Market Fund (MMF) from a direct investment in money market instruments?,MMFs are only available to institutional investors,MMFs involve direct ownership of money market securities,MMFs allow investors to access assets they couldn't invest in individually through pooling,MMFs are never regulated,MMFs allow investors to access assets they couldn't invest in individually through pooling,Investment Funds
Which is a primary characteristic of contrarian investing?,Following market trends,Buying shares whose price is rising,Choosing stocks that are out of favor in the market,Focusing on short-term gains,Choosing stocks that are out of favor in the market,Investment Funds
What type of investment trust specializes in commercial and residential property investments?,OEIC,REIT,ETF,Venture Capital Trust,REIT,Investment Funds
What distinguishes a top-down investment approach from a bottom-up approach?,Top-down focuses on specific companies while bottom-up on economic trends,Top-down focuses on economic or industry trends while bottom-up on specific companies,They are identical approaches,Top-down is only used in bond markets,Top-down focuses on economic or industry trends while bottom-up on specific companies,Investment Funds
What is the process of calculating current market value of a money market security quoted on a discount basis?,MP = P × (1 + i(nim/365))/(1 + r(nrm/365)),MP = P/(1 + r(nrm/365)),R = (P - MP)/MP × (365/nrm),R = (P/MP) × (1 + I(nim/365)) - 1(365/nrm),MP = P/(1 + r(nrm/365)),Cash Deposits and Money Markets
What type of money market fund always has a fluctuating Net Asset Value (NAV)?,Constant NAV fund,Standard money market fund,Treasury-only fund,Short-term money market fund with constant NAV,Standard money market fund,Cash Deposits and Money Markets
What type of FX risk affects the reported value of assets located in a different country or denominated in a different currency?,Transaction risk,Translation risk,Economic risk,Operational risk,Translation risk,Foreign Exchange and Foreign Exchange Markets
How is foreign exchange typically traded?,On centralized exchanges only,On an over-the-counter market involving bank deposits in different currencies,Through government-controlled auctions,Only through licensed currency brokers,On an over-the-counter market involving bank deposits in different currencies,Foreign Exchange and Foreign Exchange Markets
What happens when domestic prices increase according to the purchasing power parity theory?,The domestic currency appreciates,The domestic currency depreciates,Exchange rates remain unchanged,Foreign investment increases,The domestic currency depreciates,Foreign Exchange and Foreign Exchange Markets
What is the relationship between the spot exchange rate and the forward exchange rate according to interest rate parity?,They are always equal,The forward rate is always higher than the spot rate,The forward rate is determined by the interest rate differential between currencies,The forward rate is always lower than the spot rate,The forward rate is determined by the interest rate differential between currencies,Foreign Exchange and Foreign Exchange Markets
When a company issues Commercial Paper what is typically used to determine its creditworthiness?,Asset valuation,Credit rating,Profit margin,Market capitalization,Credit rating,Cash Deposits and Money Markets
What is the role of the Debt Management Office (DMO) in relation to Treasury Bills?,Buying Treasury Bills from the market,Acting as a broker between investors,Issuing Treasury Bills on behalf of the treasury,Setting interest rates for banks,Issuing Treasury Bills on behalf of the treasury,Cash Deposits and Money Markets
In which type of swap does the party paying fixed interest and receiving floating interest payments benefit when interest rates fall?,Rate swap,Currency swap,Commodity swap,Credit swap,Rate swap,Derivatives
What is the primary purpose of using derivative contracts like forwards in currency markets?,To increase volatility,To hedge against foreign exchange risk,To manipulate currency values,To avoid transaction costs,To hedge against foreign exchange risk,Derivatives
What distinguishes a company that uses full replication indexing from one that uses stratified sampling?,Full replication buys every share in the index while stratified sampling buys a representative sample,Full replication uses derivatives while stratified sampling uses physical securities,Full replication requires less capital than stratified sampling,Full replication only applies to bond indices,Full replication buys every share in the index while stratified sampling buys a representative sample,Investment Funds
What is a key characteristic that differentiates hedge funds from traditional investment funds?,Hedge funds are always less risky,Hedge funds typically have lower minimum investment requirements,Hedge funds often impose initial lock-in periods of 1-3 months,Hedge funds never use leverage,Hedge funds often impose initial lock-in periods of 1-3 months,Investment Funds
What happens in an optimized indexing strategy for ETFs?,Random securities are purchased,Sophisticated computer modeling selects securities that mimic index characteristics,All securities in the index are purchased proportionally,Only large-cap stocks are selected,Sophisticated computer modeling selects securities that mimic index characteristics,Investment Funds
When is a forward exchange rate at a premium to the spot rate?,When the base currency interest rate is higher than the quote currency interest rate,When the base currency interest rate is lower than the quote currency interest rate,When both currencies have equal interest rates,When exchange rates are fixed,When the base currency interest rate is lower than the quote currency interest rate,Foreign Exchange and Foreign Exchange Markets
What is the key characteristic of an unauthorized Collective Investment Scheme in the UK?,It is regulated by the FCA,It is approved for marketing to retail investors,It is not regulated by the FCA and typically marketed to sophisticated investors,It can only invest in domestic markets,It is not regulated by the FCA and typically marketed to sophisticated investors,Investment Funds
Which factor will most likely cause a country's currency to appreciate according to economic theory?,Increased domestic price level,Decreased productivity,Increased import demand,Increased export demand,Increased export demand,Foreign Exchange and Foreign Exchange Markets
What is the primary purpose of the money markets from a corporate treasurer's perspective?,To generate long-term capital growth,To efficiently manage cash and provide short-term funding,To facilitate mergers and acquisitions,To distribute shareholder dividends,To efficiently manage cash and provide short-term funding,Cash Deposits and Money Markets
Which of the following is a risk of cash deposits that results from rising price levels eroding the purchasing power of savings?,Credit risk,Inflation impact,Interest rate fluctuations,Currency risk,Inflation impact,Cash Deposits and Money Markets
What is the primary reason why banks face higher regulation and costs than money markets?,To prevent bank runs,To protect savings,To reduce asymmetric information problems,To maintain bank stability during financial crises,To reduce asymmetric information problems,Cash Deposits and Money Markets
What type of money market instrument may be issued without a coupon at a discount to face value?,Eurobonds,Floating Rate Notes,Certificates of Deposit,Commercial Paper,Commercial Paper,Cash Deposits and Money Markets
Which participant in the money markets is responsible for setting the base interest rate?,Institutional investors,Large companies,The Bank of England,Building societies,The Bank of England,Cash Deposits and Money Markets
What distinguishes a Short-Term Money Market Fund from a standard Money Market Fund?,Short-Term MMFs have longer maturities,Short-Term MMFs can only have a constant NAV,Short-Term MMFs have shorter maturities,Short-Term MMFs cannot invest in commercial paper,Short-Term MMFs have shorter maturities,Cash Deposits and Money Markets
What is the main characteristic of interbank deposits before the introduction of Certificates of Deposit in the late 1960s?,They could be freely traded during their lifetime,They could not be traded during their lifetime,They were only available to retail investors,They were primarily used for long-term funding,They could not be traded during their lifetime,Cash Deposits and Money Markets
Which of the following is true about commercial paper (CP) issuance?,It requires approval from stockholders,It must be pre-arranged with banks,It can only be denominated in domestic currency,It is primarily used for long-term financing,It must be pre-arranged with banks,Cash Deposits and Money Markets
How do retail investors typically access the money markets?,By directly purchasing Treasury Bills,Through interbank lending,Via money market accounts or money market funds,By issuing commercial paper,Via money market accounts or money market funds,Cash Deposits and Money Markets
What is the main advantage of MMFs earning AAA ratings?,They guarantee higher returns,They ensure diversification across multiple instruments and providers,They eliminate exchange rate risk,They remove liquidity risk,They ensure diversification across multiple instruments and providers,Cash Deposits and Money Markets
When a country operates under a managed exchange rate regime (dirty float) what is the primary activity of the central bank?,Setting fixed exchange rates,Allowing the currency to freely float with no intervention,Intervening occasionally to stabilize the currency,Preventing all currency trading,Intervening occasionally to stabilize the currency,Foreign Exchange and Foreign Exchange Markets
What is the term for the buying and selling of currencies that are not directly quoted against each other?,Triangular arbitrage,Cross-rate trading,Forward exchange,Spot hedging,Cross-rate trading,Foreign Exchange and Foreign Exchange Markets
In what way does an increase in trade barriers typically affect a country's exchange rate according to economic theory?,It causes currency depreciation,It causes currency appreciation,It has no effect on exchange rates,It stabilizes exchange rate volatility,It causes currency appreciation,Foreign Exchange and Foreign Exchange Markets
What type of foreign exchange contract is a standardized version of a forward contract traded on derivative exchanges?,Forward contract,Currency option,Foreign currency future,Swap agreement,Foreign currency future,Foreign Exchange and Foreign Exchange Markets
How is foreign exchange volatility typically measured?,By the spread between bid and ask rates,By the daily percentage change in exchange rates,By the volume of transactions,By interest rate differentials,By the daily percentage change in exchange rates,Foreign Exchange and Foreign Exchange Markets
What happens in an FX transaction when the base currency strengthens against the quote currency?,The exchange rate decreases,The exchange rate increases,The bid-ask spread widens,Trading volume decreases,The exchange rate increases,Foreign Exchange and Foreign Exchange Markets
What is the relationship between a country's productivity and its currency value according to economic theory?,Increased productivity leads to currency depreciation,Increased productivity leads to currency appreciation,Productivity has no effect on currency value,Productivity only affects domestic inflation rates,Increased productivity leads to currency appreciation,Foreign Exchange and Foreign Exchange Markets
What is meant by translation risk in foreign exchange?,Risk that exchange rates will change between transaction agreement and payment,Risk proportional to assets held in foreign currencies affecting reported values,Risk from long-term exchange rate movements due to country risk changes,Risk of misinterpreting exchange rate quotations,Risk proportional to assets held in foreign currencies affecting reported values,Foreign Exchange and Foreign Exchange Markets
What distinguishes transaction exposure from economic exposure in foreign exchange risk?,Transaction exposure is short-term while economic exposure is long-term,Transaction exposure affects only financial institutions,Economic exposure can be completely eliminated through hedging,Transaction exposure only applies to exporters,Transaction exposure is short-term while economic exposure is long-term,Foreign Exchange and Foreign Exchange Markets
What is the primary factor that determines whether forward exchange rates are at a premium or discount to the spot rate?,Market sentiment,Trade balance,Interest rate differentials between the two currencies,Inflation differentials,Interest rate differentials between the two currencies,Foreign Exchange and Foreign Exchange Markets
In derivative valuation what is the term for the difference between the market price of the underlying asset and the strike price of an option?,Premium,Spread,Intrinsic value,Notional value,Intrinsic value,Derivatives
When a derivatives trader takes both a long and short position in similar contracts to profit from price discrepancies what strategy are they employing?,Hedging,Arbitrage,Speculation,Leveraging,Arbitrage,Derivatives
What is the primary purpose of requiring an initial margin in futures trading?,To pay for the asset upfront,To generate income for the exchange,To compensate the broker,To protect against counterparty default,To protect against counterparty default,Derivatives
What happens to a futures contract if the price of the underlying asset moves against the holder's position?,The contract is automatically closed out,The exchange provides additional margin,The holder must deposit additional margin (margin call),The contract terms are renegotiated,The holder must deposit additional margin (margin call),Derivatives
What is the key difference between American-style options and European-style options?,American options can only be exercised at expiration; European can be exercised any time,European options can only be exercised at expiration; American can be exercised any time,American options are only traded in the US; European options only in Europe,American options are more expensive than European options,European options can only be exercised at expiration; American can be exercised any time,Derivatives
What is the delta of an option in derivatives trading?,The time value of the option,The rate of change of option price with respect to the underlying asset price,The distance between strike price and market price,The premium paid for the option,The rate of change of option price with respect to the underlying asset price,Derivatives
In interest rate swaps which party typically seeks to hedge against rising interest rates?,The party receiving fixed rate payments,The party receiving floating rate payments,The party paying fixed rate payments,Neither party,The party paying fixed rate payments,Derivatives
What is the primary risk of selling naked call options?,Limited potential loss,Unlimited potential loss,No risk if the market remains stable,Only the premium is at risk,Unlimited potential loss,Derivatives
When a company uses a currency swap to hedge foreign exchange risk on overseas borrowing what typically happens with the principal amounts?,They are not exchanged,They are exchanged at the beginning and end of the swap,They are only exchanged at maturity,They are exchanged incrementally throughout the swap,They are exchanged at the beginning and end of the swap,Derivatives
What is the purpose of the variation margin in futures trading?,Initial deposit to open a position,Additional deposits required if prices move unfavorably,Premium paid for an option contract,Amount paid to close out a position,Additional deposits required if prices move unfavorably,Derivatives
What is a key characteristic that distinguishes growth investing from value investing?,Growth focuses on undervalued companies; value on overpriced ones,Growth focuses on companies with strong growth prospects regardless of current valuation; value on undervalued companies,Growth focuses on dividend income; value on capital appreciation,Growth focuses on short-term gains; value on long-term returns,Growth focuses on companies with strong growth prospects regardless of current valuation; value on undervalued companies,Investment Funds
How does a stratified sampling approach to index tracking differ from an optimization approach?,Stratified sampling uses fewer securities than optimization,Stratified sampling uses a representative sample from each sector; optimization uses computer modeling to identify securities that mimic index characteristics,Stratified sampling requires full replication while optimization does not,Stratified sampling can only be used for equity indices,Stratified sampling uses a representative sample from each sector; optimization uses computer modeling to identify securities that mimic index characteristics,Investment Funds
What is a key advantage that Exchange Traded Funds (ETFs) offer over traditional unit trusts?,Higher potential returns,Trading flexibility throughout the day,Guaranteed capital protection,Active management,Trading flexibility throughout the day,Investment Funds
What characteristic distinguishes a fund of hedge funds from a direct hedge fund investment?,Lower minimum investment requirements,Higher returns,Lower diversification,Shorter lock-in periods,Lower minimum investment requirements,Investment Funds
What is the primary difference between private equity and venture capital investments?,Private equity focuses on startups; venture capital on mature companies,Venture capital focuses on startups; private equity on more mature companies,Private equity is only available to institutional investors,Venture capital only invests in technology companies,Venture capital focuses on startups; private equity on more mature companies,Investment Funds
What typically happens to the structure of unit trusts when they convert to OEICs?,They become closed-ended,They adopt a company structure rather than a trust structure,They are no longer regulated by the FCA,They can no longer invest internationally,They adopt a company structure rather than a trust structure,Investment Funds
What is the key benefit of a Real Estate Investment Trust (REIT) compared to direct property investment?,REITs are risk-free investments,REITs provide access to property returns without double taxation,REITs guarantee rental income,REITs are not affected by property market fluctuations,REITs provide access to property returns without double taxation,Investment Funds
Which of the following best describes a single pricing structure used by some OEICs?,Separate prices for buying and selling shares based on the mid-market value,One price for both buying and selling shares based on the mid-market value,A price determined solely by the fund manager,A price that remains constant throughout the trading day,One price for both buying and selling shares based on the mid-market value,Investment Funds
Which regulatory body is responsible for classifying open-ended funds in the UK?,The Bank of England,The Financial Conduct Authority,The Investment Association,HM Treasury,The Investment Association,Investment Funds
What is the primary function of a depository in an OEIC structure?,To manage the day-to-day investments,To maintain responsibility for the investments on behalf of shareholders,To market the fund to potential investors,To set the fund's investment strategy,To maintain responsibility for the investments on behalf of shareholders,Investment Funds
What role did the 1930s banking regulations play in the development of money markets?,They established money markets as competitors to banks,They limited bank interest rates to reduce competition and risk of failure,They mandated the creation of money market instruments,They eliminated the distinction between banks and money markets,They limited bank interest rates to reduce competition and risk of failure,Cash Deposits and Money Markets
What is meant by a zero-coupon instrument in the context of money market securities?,An instrument that pays interest periodically,An instrument issued at par value with a single payment at maturity,An instrument issued at a discount to par value with no interest payments,An instrument with variable interest rates,An instrument issued at a discount to par value with no interest payments,Cash Deposits and Money Markets
In options trading what is a straddle position?,Buying a call option only,Buying a put option only,Simultaneously holding both a call and put option on the same underlying asset,Buying multiple call options with different strike prices,Simultaneously holding both a call and put option on the same underlying asset,Derivatives
What is the primary function of a clearing house in futures trading?,To match buyers and sellers,To guarantee contract performance and eliminate counterparty risk,To set margin requirements,To determine futures prices,To guarantee contract performance and eliminate counterparty risk,Derivatives
How does basis risk affect ETFs that use stratified sampling instead of full replication?,It eliminates tracking error completely,It increases the likelihood that the ETF will outperform its benchmark,It creates potential for the ETF's returns to deviate from the benchmark index,It reduces management fees,It creates potential for the ETF's returns to deviate from the benchmark index,Investment Funds
What distinguishes a venture capital fund's investment approach from other private investment funds?,They invest exclusively in established industries,They primarily provide debt financing rather than equity,They focus on early-stage companies with high growth potential,They only invest in publicly traded companies,They focus on early-stage companies with high growth potential,Investment Funds
What is the purpose of the Financial Services Compensation Scheme (FSCS) in relation to cash deposits?,To regulate interest rates,To protect depositors against bank failure up to a certain limit,To prevent banks from offering variable interest rates,To manage inflation impact on deposits,To protect depositors against bank failure up to a certain limit,Cash Deposits and Money Markets
What primary advantage did the rise of money markets offer investors in the 1970s-1980s when inflation was high?,A means to circumvent bank interest rate caps,Higher security than bank deposits,Government guarantees,Lower transaction costs,A means to circumvent bank interest rate caps,Cash Deposits and Money Markets
How do Certificates of Deposit (CDs) with variable interest rates typically determine their rates?,Fixed at issuance based on central bank rate,Linked to a benchmark rate like LIBOR or its replacement,Set by the issuing bank's board quarterly,Determined by auction process,Linked to a benchmark rate like LIBOR or its replacement,Cash Deposits and Money Markets
What distinguishes interbank deposits from retail bank deposits in the money markets?,Interbank deposits are government guaranteed,Interbank deposits are typically in much larger denominations,Interbank deposits cannot be withdrawn early,Interbank deposits always have fixed rates,Interbank deposits are typically in much larger denominations,Cash Deposits and Money Markets
What happens to the interest calculation for a Treasury Bill that is sold in the secondary market before maturity?,Interest stops accruing,Interest continues to accrue to the original holder,Interest is recalculated based on the new holding period,Interest is divided proportionally between holders,Interest is recalculated based on the new holding period,Cash Deposits and Money Markets
Which type of FX rate regime was most common globally before the breakdown of the Bretton Woods system in the early 1970s?,Floating exchange rates,Fixed (pegged) exchange rates,Managed float regimes,Freely floating rates,Fixed (pegged) exchange rates,Foreign Exchange and Foreign Exchange Markets
What is meant by a dirty float in exchange rate terminology?,An exchange rate that includes commissions,A currency that is illegally manipulated,A mix between fixed and floating where the currency fluctuates but the central bank intervenes when necessary,A currency that is pegged to multiple other currencies,A mix between fixed and floating where the currency fluctuates but the central bank intervenes when necessary,Foreign Exchange and Foreign Exchange Markets
How does a central bank typically intervene in foreign exchange markets under a managed exchange rate regime?,By changing domestic interest rates only,By buying or selling its own currency in the forex market,By imposing capital controls,By issuing foreign currency debt,By buying or selling its own currency in the forex market,Foreign Exchange and Foreign Exchange Markets
What is meant by the term arbitrage in the context of interest rate parity?,Taking advantage of price discrepancies between different markets,Borrowing in one currency to invest in another,Predicting future exchange rate movements,Converting one currency to another directly,Taking advantage of price discrepancies between different markets,Foreign Exchange and Foreign Exchange Markets
In which circumstance would an importing company most likely use a forward foreign exchange contract?,When expecting the domestic currency to strengthen,When expecting the foreign currency to weaken,When uncertain about future exchange rate movements,When interest rates are stable,When uncertain about future exchange rate movements,Foreign Exchange and Foreign Exchange Markets
What does the bid-ask spread represent in foreign exchange markets?,The difference between the forward and spot rates,The difference between buying and selling rates offered by dealers,The commission charged by brokers,The daily volatility of the currency pair,The difference between buying and selling rates offered by dealers,Foreign Exchange and Foreign Exchange Markets
What is the term for a simultaneous purchase and sale of identical assets in different markets to profit from price differences?,Hedging,Arbitrage,Speculation,Leverage,Arbitrage,Derivatives
How do market makers in derivatives markets typically generate profit?,By charging explicit commissions,By maintaining a spread between buying and selling prices,By predicting market movements,By taking directional positions,By maintaining a spread between buying and selling prices,Derivatives
What is the key difference between a collar option strategy and a straddle?,A collar limits both potential gains and losses; a straddle profits from volatility in either direction,A collar is for commodities only; a straddle is for financial assets,A collar requires more capital; a straddle is cheaper to implement,A collar is regulated; a straddle is over-the-counter,A collar limits both potential gains and losses; a straddle profits from volatility in either direction,Derivatives
How does the marking-to-market process in futures trading differ from options trading?,Options are not marked-to-market; futures are marked-to-market daily,Both are marked-to-market weekly,Futures use historical prices; options use current prices,Both are marked-to-market monthly,Options are not marked-to-market; futures are marked-to-market daily,Derivatives
What role does the notional value play in swap contracts?,It is the actual amount exchanged at maturity,It is the reference amount used to calculate payment obligations,It is the collateral required by counterparties,It is the premium paid upfront,It is the reference amount used to calculate payment obligations,Derivatives
What is the key difference between margin in futures trading and premium in options trading?,Margin is higher than premium,Margin is returned if unused; premium is non-refundable,Premium is returned if unused; margin is non-refundable,They serve identical purposes,Margin is returned if unused; premium is non-refundable,Derivatives
What is meant by basis risk in derivatives hedging?,The risk that the hedge will not perfectly offset the underlying position,The risk of counterparty default,The risk that margin calls will be too frequent,The risk of regulatory changes,The risk that the hedge will not perfectly offset the underlying position,Derivatives
What is a gamma in options trading terminology?,The rate of change of an option's price with respect to the underlying asset's price,The rate of change of the delta with respect to the underlying asset's price,The sensitivity of an option's price to time decay,The relationship between option price and volatility,The rate of change of the delta with respect to the underlying asset's price,Derivatives
What is unique about the pricing of a Commercial Paper compared to a Certificate of Deposit?,CP is always priced at a premium; CD at a discount,CP typically carries higher interest rates; CD carries lower rates,CP is typically issued at a discount with no explicit interest; CD often pays explicit interest,CP has longer maturities; CD has shorter maturities,CP is typically issued at a discount with no explicit interest; CD often pays explicit interest,Cash Deposits and Money Markets
What advantage does a diversified Money Market Fund offer over direct investment in a single Certificate of Deposit?,Higher potential returns,Lower liquidity,Better tax treatment,Reduced credit risk through diversification,Reduced credit risk through diversification,Cash Deposits and Money Markets
When is a sponsor-supported Constant Net Asset Value (CNAV) Money Market Fund likely to break the buck?,When interest rates rise rapidly,When the fund experiences significant redemptions in stressed market conditions,When the fund manager changes,When new regulations are implemented,When the fund experiences significant redemptions in stressed market conditions,Cash Deposits and Money Markets
What distinguishes a vertical spread option strategy from a horizontal spread?,Vertical spreads involve options with different strike prices but same expiration; horizontal spreads involve options with same strike but different expirations,Vertical spreads use calls only; horizontal spreads use puts only,Vertical spreads are for bullish markets; horizontal spreads for bearish markets,Vertical spreads are exchange-traded; horizontal spreads are OTC,Vertical spreads involve options with different strike prices but same expiration; horizontal spreads involve options with same strike but different expirations,Derivatives
What distinguishes an income unit trust from an accumulation unit trust?,Income units distribute dividends; accumulation units reinvest them,Income units invest in bonds; accumulation units in equities,Income units are open-ended; accumulation units are closed-ended,Income units have higher fees; accumulation units have lower fees,Income units distribute dividends; accumulation units reinvest them,Investment Funds
What is the main purpose of a gate provision in hedge fund operations?,To limit new investors from entering the fund,To restrict when and how much investors can withdraw,To regulate derivative usage,To cap management fees,To restrict when and how much investors can withdraw,Investment Funds
What distinguishes an authorized unit trust from an unauthorized unit trust in the UK?,Authorized trusts are registered with HMRC; unauthorized are not registered,Authorized trusts are regulated by the FCA and can be marketed to retail investors; unauthorized trusts face fewer regulations but can only be marketed to sophisticated investors,Authorized trusts can invest internationally; unauthorized cannot,Authorized trusts must publish daily prices; unauthorized do not,Authorized trusts are regulated by the FCA and can be marketed to retail investors; unauthorized trusts face fewer regulations but can only be marketed to sophisticated investors,Investment Funds
What is the two-and-twenty fee structure commonly associated with hedge funds?,2% management fee and 20% performance fee,2% entry fee and 20% exit fee,20% management fee and 2% performance fee,2% fixed fee and 20% variable fee,2% management fee and 20% performance fee,Investment Funds
What distinguishes a Strategic Beta ETF from a traditional market-cap weighted ETF?,Strategic Beta follows alternative weighting methodologies based on factors like value or momentum; traditional ETFs weight by market capitalization,Strategic Beta invests in derivatives; traditional ETFs in physical securities,Strategic Beta is actively managed; traditional ETFs are always passive,Strategic Beta focuses on emerging markets; traditional ETFs on developed markets,Strategic Beta follows alternative weighting methodologies based on factors like value or momentum; traditional ETFs weight by market capitalization,Investment Funds
What is the main difference between an REIT and a traditional property fund?,REITs must distribute 90% of income to shareholders and receive tax benefits; traditional property funds have no distribution requirements,REITs can only invest in commercial property; traditional funds in residential,REITs are always closed-ended; traditional property funds are always open-ended,REITs are unregulated; traditional property funds are regulated,REITs must distribute 90% of income to shareholders and receive tax benefits; traditional property funds have no distribution requirements,Investment Funds
What is a side pocket in hedge fund terminology?,A type of fee structure,A segregated account for illiquid investments,A secondary market for hedge fund shares,A regulatory capital requirement,A segregated account for illiquid investments,Investment Funds
What distinguishes spot foreign exchange transactions from forward transactions in terms of settlement timing?,Spot settles immediately on the transaction date; forward on a future date,Spot typically settles in T+2 days; forward on an agreed future date,Spot settles at the end of the month; forward at the beginning of the next month,Spot and forward both settle immediately,Spot typically settles in T+2 days; forward on an agreed future date,Foreign Exchange and Foreign Exchange Markets
What is the significance of TOM/NEXT in foreign exchange markets?,It's the standard maturity for currency options,It's a position that starts tomorrow and ends the following business day,It's the benchmark for calculating cross-currency basis swaps,It's the time frame for calculating foreign exchange volatility,It's a position that starts tomorrow and ends the following business day,Foreign Exchange and Foreign Exchange Markets
What effect does a narrowing of the interest rate differential between two countries typically have on their forward exchange rate premium/discount?,It increases the premium,It decreases the premium/discount,It has no effect on the premium/discount,It causes the forward rate to equal the spot rate,It decreases the premium/discount,Foreign Exchange and Foreign Exchange Markets
What is meant by rollover risk in money market investments?,The risk that interest rates will be lower when reinvesting maturing securities,The risk that securities cannot be sold before maturity,The risk that a security will default at maturity,The risk of counterparty failure,The risk that interest rates will be lower when reinvesting maturing securities,Cash Deposits and Money Markets
How does tax treatment typically differ between income distributed by money market funds and interest earned on direct bank deposits in the UK?,MMF income is tax-free; bank interest is taxable,Bank interest is tax-free; MMF income is taxable,Both are treated identically for tax purposes,MMF income is subject to capital gains tax; bank interest to income tax,Both are treated identically for tax purposes,Cash Deposits and Money Markets
What is the purpose of a Special Purpose Vehicle (SPV) in structured derivatives?,To provide tax benefits to investors,To isolate specific assets and their risks from the originator's balance sheet,To avoid regulatory oversight,To increase leverage opportunities,To isolate specific assets and their risks from the originator's balance sheet,Derivatives
What distinguishes an event-driven hedge fund from a global macro hedge fund?,Event-driven funds focus on specific corporate events like mergers; global macro funds on macroeconomic trends,Event-driven funds use leverage; global macro funds do not,Event-driven funds are regulated; global macro funds are unregulated,Event-driven funds invest in developed markets; global macro funds in emerging markets,Event-driven funds focus on specific corporate events like mergers; global macro funds on macroeconomic trends,Investment Funds
What is the significance of fungibility in exchange-traded derivatives?,It means contracts can be freely exchanged with identical contracts,It refers to the ability to convert derivatives to cash,It means derivatives can be traded internationally,It refers to the tax treatment of derivative gains,It means contracts can be freely exchanged with identical contracts,Derivatives
What is the primary purpose of the Undertakings for Collective Investment in Transferable Securities (UCITS) framework?,To restrict investment funds to domestic markets,To provide a standardized regulatory framework for investment funds across the EU,To eliminate management fees in collective investments,To prohibit derivative usage in retail funds,To provide a standardized regulatory framework for investment funds across the EU,Investment Funds
What distinguishes a bull spread from a bear spread option strategy?,Bull spreads profit from rising prices; bear spreads from falling prices,Bull spreads use call options only; bear spreads use put options only,Bull spreads have lower maximum profit; bear spreads have higher maximum profit,Bull spreads expire in bull markets; bear spreads in bear markets,Bull spreads profit from rising prices; bear spreads from falling prices,Derivatives
What is a key advantage of cash deposits?,Safety and stability,High returns,Currency diversification,Tax efficiency,Safety and stability,Cash Deposits and Money Markets
What happens to the price of a Money Market Fund with Fluctuating Net Asset Value (NAV)?,It remains the same every day,It can go up or down based on market conditions,It only increases over time,It is fixed by the fund manager,It can go up or down based on market conditions,Cash Deposits and Money Markets
What is a characteristic of interest rates offered on cash deposits?,They vary depending on amount deposited and time committed,They are always fixed regardless of term,They are determined solely by central banks,They are tax-free in all circumstances,They vary depending on amount deposited and time committed,Cash Deposits and Money Markets
What is a key risk associated with cash deposits?,Market volatility,Inflation impact,Regulatory benefits,Exchange rate benefits,Inflation impact,Cash Deposits and Money Markets
When does a direct quote in one country become an indirect quote?,When the currency depreciates,When trading in a different country,When using forward rates,When calculating cross rates,When trading in a different country,Foreign Exchange and Foreign Exchange Markets
What is a feature of a managed exchange rate regime?,The currency is fixed permanently,The currency fluctuates but the central bank intervenes when necessary,The currency is freely determined by market forces only,The currency is always pegged to gold,The currency fluctuates but the central bank intervenes when necessary,Foreign Exchange and Foreign Exchange Markets
How is currency appreciation or depreciation quantified?,(New exchange rate - Old exchange rate)/Old exchange rate,(Old exchange rate - New exchange rate)/New exchange rate,(New exchange rate/Old exchange rate) x 100,Old exchange rate - New exchange rate,(New exchange rate - Old exchange rate)/Old exchange rate,Foreign Exchange and Foreign Exchange Markets
What happens when a trader opens a futures trading position?,They close an existing contract,They first start trading by either buying or selling a contract,They exchange the underlying assets,They pay the full value of the contract,They first start trading by either buying or selling a contract,Derivatives
What term is used for an option writer who has received a premium and is obliged to buy the underlying asset?,Call option writer,Put option writer,Option holder,Straddle holder,Put option writer,Derivatives
What is the relationship between the two legs of a swap contract?,They represent the same interest rate,They represent different interest rate payment streams,They must be in different currencies,They must have identical notional values,They represent different interest rate payment streams,Derivatives
What is meant when a futures contract is marked-to-market?,The contract is closed out,Daily calculation of profits and losses with margin adjustments,Delivery of the underlying asset occurs,The contract terms are renegotiated,Daily calculation of profits and losses with margin adjustments,Derivatives
What is a characteristic of a futures contract that distinguishes it from a forward?,Forwards are standardized; futures are customized,Futures are standardized and exchange-traded; forwards are customized and OTC,Futures have no counterparty risk; forwards have unlimited risk,Futures require full payment upfront; forwards do not,Futures are standardized and exchange-traded; forwards are customized and OTC,Derivatives
What is a key characteristic that allows Investment Trust Companies (ITCs) to potentially enhance returns compared to unit trusts?,Higher management fees,Tax advantages,Ability to gear (borrow funds),Fixed capital structure,Ability to gear (borrow funds),Investment Funds
What is a key benefit of passive fund management over active management?,Higher potential returns,Lower management fees,Greater market outperformance,More frequent trading,Lower management fees,Investment Funds
What investment style focuses on selecting shares of companies that are out of favor but may have hidden value?,Growth investing,Value investing,Momentum investing,Contrarian investing,Contrarian investing,Investment Funds
What is the role of the Authorised Corporate Director in an OEIC?,Safeguarding assets on behalf of beneficial owners,Day-to-day management of the fund,Marketing the fund to new investors,Setting the fund's investment strategy,Day-to-day management of the fund,Investment Funds
Which of these is a regulatory body that classifies open-ended funds in the UK?,The Financial Conduct Authority,The Bank of England,The Investment Association,HM Treasury,The Investment Association,Investment Funds
